정류장명,위도,경도,관리부서,서비스아이디,권역
(구)세인고등학교,35.46724558,129.3256283,버스택시과,40117,울산광역시 울주군
(구)세인고등학교,35.46749904,129.3247411,버스택시과,40118,울산광역시 울주군
(주)SLT,35.56458241,129.1456345,버스택시과,30455,울산광역시 울주군
(주)TCT제2공장,35.46128879,129.333938,버스택시과,40121,울산광역시 울주군
(주)TCT제2공장,35.46103197,129.3341578,버스택시과,40122,울산광역시 울주군
(주)동영코엘스,35.56120824,129.1446301,버스택시과,30453,울산광역시 울주군
(주)로파,35.55697115,129.1511169,버스택시과,30451,울산광역시 울주군
(주)일성,35.42262518,129.3380171,버스택시과,15880,울산광역시 울주군
(주)일성,35.42247289,129.3382505,버스택시과,15879,울산광역시 울주군
(주)탑아이엔디,35.56064753,129.1535549,버스택시과,30457,울산광역시 울주군
(주)티씨티,35.41088471,129.3416182,버스택시과,15886,울산광역시 울주군
(주)티씨티,35.4110373,129.3417415,버스택시과,15885,울산광역시 울주군
23-6번지,35.50958869,129.0825252,버스택시과,66419,울산광역시 울주군
E편한세상,35.55873925,129.3032133,버스택시과,63112,울산광역시 중구
E편한세상,35.55896637,129.3040535,버스택시과,63110,울산광역시 중구
FCC삼거리,35.4904568,129.3576973,버스택시과,23543,울산광역시 남구
FCC삼거리,35.49049936,129.3575246,버스택시과,23544,울산광역시 남구
"GS마트,부산카톨릭대",35.24056975,129.0929175,버스운영과,57178,부산광역시
GS물류센터,35.3296283,129.0450952,교통과,59166,양산시
GS물류센터,35.32976155,129.0453744,교통과,59167,양산시
G마트,35.57749876,129.3110363,버스택시과,72102,울산광역시 중구
G마트,35.57748997,129.310879,버스택시과,72103,울산광역시 중구
KBS방송국앞,35.54373298,129.3250739,버스택시과,40523,울산광역시 남구
KBS방송국앞/울산병원,35.54475218,129.3251689,버스택시과,40524,울산광역시 남구
KCC산업단지입구,35.70345142,129.1952932,버스택시과,30363,울산광역시 울주군
KCC스위첸,35.58119489,129.3399541,버스택시과,11411,울산광역시 중구
KCC스위첸,35.58104144,129.34016,버스택시과,11410,울산광역시 중구
KCC울산공장,35.51882729,129.3979877,버스택시과,24249,울산광역시 동구
KCC울산공장,35.51872328,129.3977711,버스택시과,24250,울산광역시 동구
KCC인테리어,35.57938178,129.3233746,버스택시과,11713,울산광역시 중구
KCC인테리어,35.57946166,129.3232384,버스택시과,11712,울산광역시 중구
KG케미칼,35.4327474,129.3514905,버스택시과,15852,울산광역시 울주군
KG케미칼,35.4323129,129.3512224,버스택시과,15851,울산광역시 울주군
"KTX울산역(3000, 3100)",35.55064862,129.1388408,버스택시과,15413,울산광역시 울주군
LG온산공장,35.42817934,129.3332721,버스택시과,15860,울산광역시 울주군
LG온산공장,35.42838638,129.3330496,버스택시과,15859,울산광역시 울주군
LG진로아파트,35.5858688,129.3660891,버스택시과,25702,울산광역시 북구
LG진로아파트,35.5856997,129.3658864,버스택시과,25701,울산광역시 북구
"LH2단지,호반베르디움",35.55956058,129.2927472,버스택시과,30963,울산광역시 중구
"LH2단지,호반베르디움",35.56054311,129.2929674,버스택시과,30962,울산광역시 중구
"LH2단지,호반베르디움",35.56097153,129.2924236,버스택시과,30964,울산광역시 중구
LS사택,35.43064821,129.3129686,버스택시과,77708,울산광역시 울주군
LS사택,35.43059678,129.3127653,버스택시과,77709,울산광역시 울주군
LX하우시스,35.45414161,129.2914939,버스택시과,22319,울산광역시 울주군
LX하우시스,35.45402477,129.2913745,버스택시과,22318,울산광역시 울주군
MBC앞,35.56033316,129.33224,버스택시과,11506,울산광역시 중구
S-oil동문입구,35.44257172,129.3503702,버스택시과,15865,울산광역시 울주군
S-oil동문입구,35.44259239,129.3506392,버스택시과,15866,울산광역시 울주군
S-oil정문,35.44659771,129.3343787,버스택시과,40127,울산광역시 울주군
S-oil정문,35.44639356,129.3350335,버스택시과,40128,울산광역시 울주군
S-oil후문,35.45011306,129.3461066,버스택시과,15832,울산광역시 울주군
S-oil후문,35.45013277,129.3458341,버스택시과,15831,울산광역시 울주군
SJG세종,35.56945026,129.3675712,버스택시과,25912,울산광역시 북구
SJG세종,35.56943639,129.3673599,버스택시과,25911,울산광역시 북구
SKC앞,35.49229305,129.3618441,버스택시과,23537,울산광역시 남구
SKC앞,35.4921701,129.3617827,버스택시과,23538,울산광역시 남구
SK공장앞,35.50275342,129.3106032,버스택시과,40358,울산광역시 남구
SK공장앞,35.50282867,129.3116985,버스택시과,40357,울산광역시 남구
SK스포츠센터앞,35.52276706,129.3302279,버스택시과,74501,울산광역시 남구
SK스포츠센터앞,35.52290069,129.3302808,버스택시과,74502,울산광역시 남구
SK에너지앞,35.49363454,129.3809381,버스택시과,23532,울산광역시 남구
SK에너지앞,35.49369552,129.381053,버스택시과,23531,울산광역시 남구
SK옹기마을 셀프주유소 앞,35.43415601,129.281308,버스택시과,31525,울산광역시 울주군
SK정문앞,35.50995668,129.344484,버스택시과,23504,울산광역시 남구
SK정문앞,35.51004845,129.344225,버스택시과,23503,울산광역시 남구
SK케미칼앞,35.46916849,129.3583045,버스택시과,23520,울산광역시 남구
SK케미칼앞,35.46906596,129.359583,버스택시과,23519,울산광역시 남구
SK후문앞,35.50260505,129.3423344,버스택시과,23546,울산광역시 남구
SK후문앞,35.50258697,129.3410071,버스택시과,23505,울산광역시 남구
SK후문앞,35.50501005,129.3422837,버스택시과,23506,울산광역시 남구
U스타시티 일동미라주,35.65229968,129.3538233,버스택시과,71427,울산광역시 북구
U스타시티일동미라주,35.65270601,129.3537876,버스택시과,71428,울산광역시 북구
가대구회관앞,35.60913461,129.3116805,버스택시과,14520,울산광역시 중구
가대구회관앞,35.60911184,129.3115291,버스택시과,14519,울산광역시 북구
가대입구,35.6110984,129.3115642,버스택시과,14517,울산광역시 북구
가대입구,35.61100919,129.3116909,버스택시과,14518,울산광역시 북구
가대회관앞,35.60445948,129.3141912,버스택시과,14521,울산광역시 중구
가대회관앞,35.60475877,129.3138983,버스택시과,14522,울산광역시 북구
가상정류소,35.59830564,129.3729985,버스택시과,,울산광역시 북구
가상정류소,35.62365162,129.3671642,버스택시과,,울산광역시 북구
가상정류소,35.60340378,129.3726305,버스택시과,,울산광역시 북구
가상정류소,35.59826564,129.3726277,버스택시과,,울산광역시 북구
가상정류소,35.62358662,129.3668036,버스택시과,,울산광역시 북구
가상정류소,35.60332755,129.3722553,버스택시과,,울산광역시 북구
가상정류장 A,35.58108706,129.3425937,버스택시과,,울산광역시 중구
가상정류장 B,35.58275563,129.3413518,버스택시과,,울산광역시 중구
가상정류장 C,35.54573818,129.3258732,버스택시과,,울산광역시 남구
가상정류장 D,35.54459813,129.3214441,버스택시과,,울산광역시 남구
가압장입구,35.5086919,129.323904,버스택시과,40353,울산광역시 남구
가압장입구,35.50834238,129.3238207,버스택시과,40354,울산광역시 남구
가온고,35.55328491,129.3436305,버스택시과,11102,울산광역시 중구
가온고,35.55315958,129.3435882,버스택시과,11101,울산광역시 중구
가정마을,35.69401313,129.1940375,버스택시과,30303,울산광역시 울주군
가정마을,35.69187018,129.1938269,버스택시과,30304,울산광역시 울주군
가지산온천,35.62080745,129.0490486,버스택시과,30235,울산광역시 울주군
가천,35.52284318,129.0960355,버스택시과,30158,울산광역시 울주군
가천,35.52272313,129.0957649,버스택시과,30157,울산광역시 울주군
가천회관,35.53184403,129.0906008,버스택시과,30149,울산광역시 울주군
가천회관,35.53164906,129.0906121,버스택시과,30148,울산광역시 울주군
간월사앞,35.55485151,129.0747782,버스택시과,15324,울산광역시 울주군
간월사앞,35.55466924,129.0748271,버스택시과,15393,울산광역시 울주군
간월입구,35.55716742,129.0725844,버스택시과,15321,울산광역시 울주군
간월입구,35.55713549,129.0728214,버스택시과,15322,울산광역시 울주군
간절곶,35.35942564,129.3552643,버스택시과,23313,울산광역시 울주군
간절곶,35.35979625,129.3552893,버스택시과,23314,울산광역시 울주군
간절곶공영주차장,35.36390661,129.3566238,버스택시과,23332,울산광역시 울주군
간절곶공영주차장,35.36378694,129.3565739,버스택시과,23331,울산광역시 울주군
간절곶회센터,35.36393026,129.357767,버스택시과,23355,울산광역시 울주군
간절곶회센터,35.36396795,129.357784,버스택시과,23354,울산광역시 울주군
갈전,35.61743932,129.1247986,버스택시과,15116,울산광역시 울주군
갈전,35.61751021,129.1246343,버스택시과,15115,울산광역시 울주군
갈티마을입구,35.52730095,129.2731509,버스택시과,22408,울산광역시 남구
갈티마을입구,35.52705626,129.2731054,버스택시과,22407,울산광역시 남구
갈현마을회관,35.52352858,129.2890292,버스택시과,22411,울산광역시 남구
갈현마을회관,35.52462487,129.288066,버스택시과,22412,울산광역시 남구
감림산기도원입구,35.45901516,129.0784438,교통과,59255,양산시
감림산기도원입구,35.45917857,129.0788258,교통과,59256,양산시
감시국사택,35.35553808,129.2953601,버스택시과,77405,울산광역시 울주군
감시국사택,35.35542867,129.2955077,버스택시과,77406,울산광역시 울주군
강남고등학교,35.54679697,129.3186668,버스택시과,63508,울산광역시 남구
강남고등학교,35.54694362,129.3186878,버스택시과,63507,울산광역시 남구
강남초등학교,35.5358198,129.3205483,버스택시과,40410,울산광역시 남구
강남초등학교,35.53527903,129.319787,버스택시과,40409,울산광역시 남구
강남파크,35.51668308,129.3153678,버스택시과,75303,울산광역시 남구
강당경로당,35.52440601,129.0936868,버스택시과,31627,울산광역시 울주군
강당경로당,35.52449886,129.0936589,버스택시과,31626,울산광역시 울주군
강당회관,35.52410028,129.0946874,버스택시과,31625,울산광역시 울주군
강당회관,35.52421243,129.0947152,버스택시과,31624,울산광역시 울주군
강동동행정복지센터,35.61325548,129.4455283,버스택시과,26320,울산광역시 북구
강동동행정복지센터,35.61346985,129.4455696,버스택시과,26319,울산광역시 북구
강동서희스타힐스,35.63635185,129.4376272,버스택시과,26371,울산광역시 북구
강동서희스타힐스,35.63643275,129.4377484,버스택시과,26372,울산광역시 북구
강동중학교,35.6285873,129.437665,버스택시과,26356,울산광역시 북구
강동중학교,35.62896219,129.4373625,버스택시과,26355,울산광역시 북구
강동초등학교,35.63190882,129.437008,버스택시과,26367,울산광역시 북구
강동초등학교,35.63174523,129.4372445,버스택시과,26366,울산광역시 북구
강동해수탕앞,35.6135391,129.4504566,버스택시과,27902,울산광역시 북구
강동해수탕앞,35.61331588,129.4509066,버스택시과,27901,울산광역시 북구
강변공영주차장,35.552359,129.3207467,버스택시과,21609,울산광역시 중구
강변그린빌,35.55707799,129.2633472,버스택시과,76001,울산광역시 남구
강변그린빌(종점),35.55712799,129.2633859,버스택시과,76003,울산광역시 울주군
강변벽산아파트앞,35.54554292,129.3399763,버스택시과,31712,울산광역시 남구
강변벽산아파트앞,35.5449638,129.3396453,버스택시과,31711,울산광역시 남구
강변이편한세상,35.55443503,129.3477622,버스택시과,11104,울산광역시 중구
강변이편한세상,35.55466941,129.346563,버스택시과,11105,울산광역시 중구
강변효성해링턴,35.55689131,129.3534725,버스택시과,14804,울산광역시 북구
강양,35.39174588,129.3450879,버스택시과,67237,울산광역시 울주군
강양입구,35.39651412,129.3353183,버스택시과,67231,울산광역시 울주군
강양입구,35.39664709,129.3354218,버스택시과,67232,울산광역시 울주군
강원마트,35.55632279,129.3139792,버스택시과,63111,울산광역시 중구
개말,35.60293181,129.1354473,버스택시과,15121,울산광역시 울주군
개말,35.60298836,129.1355808,버스택시과,15122,울산광역시 울주군
개산,35.493866,129.2933654,버스택시과,15828,울산광역시 울주군
개산,35.49383056,129.2932089,버스택시과,15827,울산광역시 울주군
개산교앞,35.49569082,129.2918128,버스택시과,15826,울산광역시 울주군
개산교앞,35.49531124,129.2918009,버스택시과,15825,울산광역시 울주군
개산입구,35.48997866,129.3018803,버스택시과,15830,울산광역시 울주군
개산입구,35.48986194,129.3018852,버스택시과,15829,울산광역시 울주군
개운중.효암고,35.41317975,129.1690761,교통과,30545,양산시
개운중.효암고,35.41279476,129.1688978,교통과,30546,양산시
개운초등학교입구,35.51410716,129.3111635,버스택시과,75406,울산광역시 남구
개운초등학교입구,35.51409203,129.3112664,버스택시과,75405,울산광역시 남구
개운포 경상좌수영성,35.4772596,129.3464653,버스택시과,23516,울산광역시 남구
개운포 경상좌수영성,35.47673561,129.346362,버스택시과,23515,울산광역시 남구
개운포역,35.50775634,129.3214356,버스택시과,40427,울산광역시 남구
개운포역,35.50761888,129.3218912,버스택시과,40426,울산광역시 남구
개운포역(종점),35.50777557,129.321477,버스택시과,40424,울산광역시 남구
개천마을,35.33927526,129.2856706,버스택시과,15966,울산광역시 울주군
개천마을,35.33930863,129.2855684,버스택시과,15965,울산광역시 울주군
거남마을,35.45449323,129.3186234,버스택시과,77733,울산광역시 울주군
거남마을,35.45459627,129.3187624,버스택시과,77605,울산광역시 울주군
거리동회관,35.59002952,129.0764698,버스택시과,15306,울산광역시 울주군
거리동회관,35.59002901,129.0763213,버스택시과,15305,울산광역시 울주군
검단공원,35.45870157,129.1802974,버스택시과,66006,울산광역시 울주군
검단공원,35.45840171,129.1800836,버스택시과,66005,울산광역시 울주군
검단마을,35.45622239,129.1846352,버스택시과,65903,울산광역시 울주군
검단마을,35.45621058,129.1849097,버스택시과,15705,울산광역시 울주군
검단마을,35.45611044,129.1848295,버스택시과,15706,울산광역시 울주군
검단마을,35.4562068,129.1849443,버스택시과,65904,울산광역시 울주군
검단마을회관앞,35.46026512,129.1836069,버스택시과,66007,울산광역시 울주군
검단마을회관앞,35.4601659,129.1837947,버스택시과,66008,울산광역시 울주군
검단분교,35.45824922,129.177138,버스택시과,15710,울산광역시 울주군
검단분교,35.45822438,129.1773093,버스택시과,15709,울산광역시 울주군
검단분교,35.45808015,129.1771444,버스택시과,66003,울산광역시 울주군
검단분교,35.45807817,129.177296,교통행정과,66009,울산광역시 울주군
경남아너스빌,35.57126825,129.1253753,교통행정과,15606,울산광역시 울주군
경남아너스빌,35.57147125,129.1249372,버스택시과,15602,울산광역시 울주군
경남아너스빌,35.57117221,129.1252005,버스택시과,15605,울산광역시 울주군
경남아너스빌,35.57163368,129.1242709,버스택시과,15604,울산광역시 울주군
경남요업 앞,35.43596286,129.2821324,버스택시과,31526,울산광역시 울주군
경남한신아파트,35.23582763,129.0917651,버스운영과,57148,부산광역시
경남한신아파트,35.23657582,129.0922178,버스운영과,57159,부산광역시
경동청구,35.56952832,129.1083787,버스택시과,30238,울산광역시 울주군
경동청구,35.5687902,129.1085788,버스택시과,30237,울산광역시 울주군
경동탕,35.33841198,129.0386185,교통과,59134,양산시
경동탕,35.33835547,129.0384546,교통과,59133,양산시
경의고등학교,35.58784004,129.0931419,버스택시과,30221,울산광역시 울주군
경의고등학교,35.58821754,129.0928735,버스택시과,30222,울산광역시 울주군
경찰청,35.57233827,129.3148189,버스택시과,23904,울산광역시 중구
경찰청,35.57322206,129.314893,버스택시과,23903,울산광역시 중구
경찰청,35.57410088,129.3154642,버스택시과,23909,울산광역시 중구
경찰청,35.57450362,129.3159583,버스택시과,23910,울산광역시 중구
계당,35.70728836,129.2043459,버스택시과,15203,울산광역시 울주군
계당,35.70757233,129.204461,버스택시과,15204,울산광역시 울주군
계당마을회관,35.70988043,129.2027496,버스택시과,15387,울산광역시 울주군
계당마을회관,35.70994511,129.2028617,버스택시과,15386,울산광역시 울주군
계룡리슈빌,35.56238382,129.1143897,버스택시과,77101,울산광역시 울주군
계룡리슈빌,35.56208642,129.1144591,버스택시과,15434,울산광역시 울주군
계명마을,35.71237358,129.1962503,버스택시과,30351,울산광역시 울주군
계명마을,35.71229522,129.1963743,버스택시과,30352,울산광역시 울주군
계비고개,35.5602968,129.329126,버스택시과,40515,울산광역시 중구
고강리,35.70478517,129.0585053,교통행정과,3018,경주시
고강리,35.70313513,129.059031,교통행정과,3019,경주시
고동골,35.58048745,129.1322777,버스택시과,30343,울산광역시 울주군
고동골,35.5817647,129.1326902,버스택시과,30344,울산광역시 울주군
고려제강,35.60520475,129.0748621,버스택시과,15455,울산광역시 울주군
고려제강양산공장,35.3836468,129.0502918,교통과,2668,양산시
고려제강양산공장,35.38374271,129.0501092,교통과,3442,양산시
고리스포츠문화센터(기점),35.3296805,129.2850554,버스운영과,77513,부산광역시
고리스포츠문화센터(종점),35.32962596,129.2858999,버스운영과,77509,부산광역시
고사골입구,35.62279199,129.1525472,버스택시과,30349,울산광역시 울주군
고사골입구,35.62270828,129.152756,버스택시과,30350,울산광역시 울주군
고속도휴게소,35.59712384,129.1360452,버스택시과,30338,울산광역시 울주군
고속도휴게소,35.59639017,129.1353693,버스택시과,30337,울산광역시 울주군
고속버스터미널/외식명가 삼산정,35.53832202,129.3398844,버스택시과,31716,울산광역시 남구
고속버스터미널앞,35.53771055,129.3396219,버스택시과,31715,울산광역시 남구
고속지하도,35.65290702,129.1686181,버스택시과,20701,울산광역시 울주군
고속지하도,35.65304789,129.1687615,버스택시과,20702,울산광역시 울주군
고연국밥,35.44556098,129.17339,버스택시과,76808,울산광역시 울주군
고연국밥,35.44554064,129.1735196,버스택시과,76809,울산광역시 울주군
고원1차아파트,35.33216811,129.2830387,버스운영과,15968,부산광역시
고원1차아파트,35.33235506,129.2829858,버스운영과,15967,부산광역시
고원3차아파트,35.33777219,129.2850385,버스운영과,77502,부산광역시
고원3차아파트,35.33771853,129.2848751,버스운영과,77501,부산광역시
고중마을,35.60262836,129.1294533,버스택시과,30372,울산광역시 울주군
고중마을,35.60272885,129.129551,버스택시과,30373,울산광역시 울주군
고하,35.6049992,129.1418893,버스택시과,30331,울산광역시 울주군
고하입구,35.60497572,129.1421962,버스택시과,30332,울산광역시 울주군
고헌중학교,35.59938293,129.3616499,버스택시과,40392,울산광역시 북구
고헌중학교,35.5993536,129.3614459,버스택시과,40393,울산광역시 북구
고헌초등학교,35.60130421,129.3705162,버스택시과,40386,울산광역시 북구
곡리마을,35.60566983,129.3658645,버스택시과,40388,울산광역시 북구
곡리마을,35.60606202,129.3659671,버스택시과,40380,울산광역시 북구
골드클래스,35.58813473,129.3440216,버스택시과,11408,울산광역시 중구
골드클래스,35.58829133,129.3439035,버스택시과,11409,울산광역시 중구
공공산후조리원,35.63168654,129.3638445,버스택시과,25339,울산광역시 북구
공공산후조리원,35.63127638,129.3644195,버스택시과,25330,울산광역시 북구
공구월드앞,35.53601769,129.3421599,버스택시과,23201,울산광역시 남구
공구월드앞,35.53627558,129.3423681,버스택시과,23202,울산광역시 남구
공단중기앞,35.43872595,129.3312767,버스택시과,31609,울산광역시 울주군
공단중기앞,35.43874165,129.330977,버스택시과,31610,울산광역시 울주군
공암,35.53035442,129.1024332,버스택시과,30125,울산광역시 울주군
공암,35.39527906,129.0557202,교통과,59191,양산시
공암,35.53051113,129.1029835,버스택시과,30126,울산광역시 울주군
공암마을,35.3952548,129.0558826,교통과,59192,양산시
공암입구,35.64550989,129.4415754,버스택시과,26302,울산광역시 북구
공암입구,35.64551273,129.4413924,버스택시과,26301,울산광역시 북구
공업탑,35.53301001,129.3097744,버스택시과,40404,울산광역시 남구
공업탑,35.53278625,129.310296,버스택시과,40403,울산광역시 남구
공업탑,35.53287975,129.3093548,버스택시과,40402,울산광역시 남구
공업탑,35.53266291,129.3098557,버스택시과,40401,울산광역시 남구
공원묘지입구,35.5371085,129.2791456,버스택시과,40601,울산광역시 남구
공원묘지입구,35.53808635,129.2784352,버스택시과,40602,울산광역시 남구
공촌,35.54966369,129.1627813,버스택시과,30417,울산광역시 울주군
공촌,35.54981326,129.1628891,버스택시과,30418,울산광역시 울주군
과학대정문,35.49787036,129.4177703,버스택시과,70703,울산광역시 동구
과학대후문,35.54122876,129.2553021,버스택시과,65503,울산광역시 남구
관동,35.44376181,129.1732944,버스택시과,15717,울산광역시 울주군
관동,35.44394558,129.1734162,버스택시과,15718,울산광역시 울주군
관문성입구,35.65306032,129.3143141,버스택시과,14208,울산광역시 북구
관문성입구,35.65300462,129.3142001,버스택시과,14207,울산광역시 북구
관성,35.6637178,129.4502907,교통행정과,2015,경주시
관성,35.66364872,129.450461,교통행정과,2016,경주시
관성입구,35.66442918,129.4500489,교통행정과,2013,경주시
관성입구,35.66436439,129.45022,교통행정과,2014,경주시
관음사입구,35.66749142,129.1682417,버스택시과,30439,울산광역시 울주군
관음사입구,35.66730021,129.1682213,버스택시과,30440,울산광역시 울주군
관정마을,35.58851422,129.1311112,버스택시과,30375,울산광역시 울주군
관정마을,35.58842153,129.1312068,버스택시과,30374,울산광역시 울주군
광로교,35.53245338,129.3311786,버스택시과,23607,울산광역시 남구
광로교,35.53270982,129.3310151,버스택시과,23608,울산광역시 남구
광명교회,35.50639978,129.427955,버스택시과,70503,울산광역시 동구
광명교회,35.50638265,129.4278406,버스택시과,70504,울산광역시 동구
광장교회,35.641752,129.3575523,버스택시과,71702,울산광역시 북구
광장교회,35.64193339,129.3575363,버스택시과,71701,울산광역시 북구
괴천,35.45077829,129.175684,버스택시과,15716,울산광역시 울주군
괴천,35.45083599,129.1755567,버스택시과,15715,울산광역시 울주군
괴천다리,35.44765274,129.17434,버스택시과,76807,울산광역시 울주군
괴천다리,35.44774109,129.1741924,버스택시과,76806,울산광역시 울주군
괴천삼거리,35.45334629,129.1798219,버스택시과,15708,울산광역시 울주군
괴천삼거리,35.45345024,129.1797479,버스택시과,15707,울산광역시 울주군
"교동주공,계룡리슈빌입구",35.56100505,129.1163194,버스택시과,15436,울산광역시 울주군
"교동주공,계룡리슈빌입구",35.56080684,129.1160115,버스택시과,15435,울산광역시 울주군
교동주공아파트,35.55984789,129.113888,버스택시과,15432,울산광역시 울주군
교동주공아파트,35.56002037,129.1137813,버스택시과,15431,울산광역시 울주군
교육원입구,35.4845872,129.1228051,버스택시과,24380,울산광역시 울주군
교육원입구,35.48437576,129.1218906,버스택시과,24381,울산광역시 울주군
구 점촌교입구,35.56725009,129.2335323,버스택시과,20431,울산광역시 울주군
구 점촌교입구,35.56711291,129.2333797,버스택시과,20430,울산광역시 울주군
구.동면초등학교,35.32044519,129.0650445,교통과,59234,양산시
구.동면초등학교,35.32063651,129.0650844,교통과,59232,양산시
구남군부대앞,35.58883616,129.4298785,버스택시과,14009,울산광역시 북구
구남군부대앞,35.58883494,129.4297447,버스택시과,14010,울산광역시 북구
구남마을,35.59225705,129.4298344,버스택시과,26328,울산광역시 북구
구남마을,35.59225177,129.4296179,버스택시과,26327,울산광역시 북구
구량마을,35.61838022,129.1433444,버스택시과,30476,울산광역시 울주군
구량마을,35.61831496,129.1431987,버스택시과,30477,울산광역시 울주군
구량천전,35.61690732,129.1492874,버스택시과,30323,울산광역시 울주군
구량천전,35.61688605,129.1495324,버스택시과,30324,울산광역시 울주군
구룡삼거리,35.60893538,129.2796016,버스택시과,21319,울산광역시 울주군
구룡삼거리,35.60853953,129.2798039,버스택시과,21320,울산광역시 울주군
구룡회관,35.61216933,129.2798473,버스택시과,21318,울산광역시 울주군
구룡회관,35.6113588,129.2798575,버스택시과,21317,울산광역시 울주군
구법원,35.53747723,129.2878658,버스택시과,74202,울산광역시 남구
구법원,35.53746592,129.2876313,버스택시과,74201,울산광역시 남구
구수리회관,35.54423757,129.1508535,버스택시과,31422,울산광역시 울주군
구수리회관,35.54429287,129.1510368,버스택시과,31423,울산광역시 울주군
구암마을,35.57518955,129.4523687,버스택시과,27923,울산광역시 북구
구암마을,35.57538749,129.452595,버스택시과,27924,울산광역시 북구
구언양버스터미널,35.56314239,129.1273669,버스택시과,30348,울산광역시 울주군
구언양버스터미널,35.56310996,129.1269705,버스택시과,30347,울산광역시 울주군
구역전시장,35.55809068,129.3274759,버스택시과,73304,울산광역시 중구
구역전시장앞,35.55641723,129.3278355,버스택시과,21406,울산광역시 중구
구영교,35.56067888,129.248535,버스택시과,40216,울산광역시 울주군
구영교,35.56028288,129.2485135,버스택시과,40215,울산광역시 울주군
구영리입구,35.57138943,129.2325385,버스택시과,40243,울산광역시 울주군
구영리입구,35.57078545,129.2327054,버스택시과,20744,울산광역시 울주군
구영리입구,35.57145092,129.2327456,버스택시과,40242,울산광역시 울주군
구영리입구,35.57109161,129.2330063,버스택시과,20402,울산광역시 울주군
구영회차지(기점),35.56378666,129.2513738,버스택시과,20432,울산광역시 울주군
구영회차지(기점)-1,35.56374833,129.2513755,버스택시과,20434,울산광역시 울주군
구영회차지(종점),35.56382374,129.2510771,버스택시과,20433,울산광역시 울주군
구터미널,35.34389926,129.0353159,교통과,4420,양산시
구터미널,35.34370045,129.0353731,교통과,4421,양산시
국민요양병원,35.52732563,129.3307342,버스택시과,40534,울산광역시 남구
국민은행사거리,35.55503388,129.3174445,버스택시과,66802,울산광역시 중구
국민은행앞,35.55548188,129.318472,버스택시과,66810,울산광역시 중구
국민청소년수련관,35.7412246,129.0611222,교통행정과,3028,경주시
국민청소년수련관,35.74065172,129.0609371,교통행정과,3029,경주시
국토정보공사,35.57535673,129.3088403,버스택시과,11804,울산광역시 중구
국토정보공사,35.57514547,129.3089015,버스택시과,11803,울산광역시 중구
군부대앞,35.637895,129.440261,버스택시과,26354,울산광역시 북구
군부대앞,35.63784336,129.4400304,버스택시과,26353,울산광역시 북구
굴화마을,35.55772701,129.2577057,버스택시과,40221,울산광역시 울주군
굴화마을,35.5578234,129.2586997,버스택시과,40222,울산광역시 울주군
굴화주공 아파트앞,35.55529762,129.2639748,버스택시과,40223,울산광역시 남구
굴화주공 아파트앞,35.55547803,129.2642112,버스택시과,40224,울산광역시 남구
굿모닝힐,35.57777825,129.2398033,버스택시과,20424,울산광역시 울주군
굿모닝힐,35.57748329,129.239977,버스택시과,20423,울산광역시 울주군
궁근정,35.6168521,129.0669399,버스택시과,30280,울산광역시 울주군
궁근정,35.61680982,129.066793,버스택시과,30281,울산광역시 울주군
궁근정,35.61617392,129.0673485,버스택시과,30208,울산광역시 울주군
궁근정,35.61612275,129.0672323,버스택시과,30207,울산광역시 울주군
궁근정새동네,35.61819073,129.0685535,버스택시과,30248,울산광역시 울주군
궁근정새동네,35.61800736,129.0684594,버스택시과,30249,울산광역시 울주군
궁도장,35.56817504,129.3153019,버스택시과,23905,울산광역시 중구
궁도장,35.56832223,129.3154964,버스택시과,23906,울산광역시 중구
궁평,35.59711745,129.0856922,버스택시과,30218,울산광역시 울주군
궁평,35.59696156,129.085629,버스택시과,30217,울산광역시 울주군
귀신고래바위,35.57690312,129.292204,버스택시과,62100,울산광역시 중구
귀신고래바위,35.57698966,129.2922653,버스택시과,62109,울산광역시 중구
귀지마을앞,35.42373603,129.2665535,버스택시과,15915,울산광역시 울주군
귀지마을앞,35.42368534,129.2667272,버스택시과,15916,울산광역시 울주군
귀지마을회관,35.42691586,129.2653578,버스택시과,15913,울산광역시 울주군
귀지마을회관,35.42696755,129.265484,버스택시과,15914,울산광역시 울주군
그랜드볼링장,35.4080157,129.1654964,교통과,30550,양산시
그랜드볼링장,35.40789382,129.1652792,교통과,30549,양산시
그린카운티 2차,35.6326397,129.3249795,버스택시과,61805,울산광역시 북구
그린카운티 2차,35.63309954,129.3250218,버스택시과,61804,울산광역시 북구
그린카운티입구,35.63049329,129.3253861,버스택시과,61803,울산광역시 북구
그린카운티입구,35.63066832,129.3254427,버스택시과,14501,울산광역시 북구
극동스타클래스,35.64017932,129.3483162,버스택시과,25527,울산광역시 북구
극동스타클래스,35.64075944,129.3484405,버스택시과,25528,울산광역시 북구
극동스타클래스,35.5448986,129.3233035,버스택시과,22807,울산광역시 남구
극동스타클래스,35.54500634,129.3229905,버스택시과,63610,울산광역시 남구
근로복지공단 산업인력공단,35.56477018,129.3137679,버스택시과,11417,울산광역시 중구
근로복지공단 산업인력공단,35.5645911,129.313709,버스택시과,11416,울산광역시 중구
금강기계공업,35.56429202,129.3770629,버스택시과,26407,울산광역시 북구
금강아파트앞,35.50249166,129.4166527,버스택시과,27119,울산광역시 동구
금강아파트앞,35.50239789,129.4168243,버스택시과,27120,울산광역시 동구
금강펜테리움,35.5980337,129.3662863,버스택시과,40373,울산광역시 북구
금강펜테리움2차,35.60358015,129.3663351,버스택시과,40365,울산광역시 북구
금곡,35.51187349,129.1493825,버스택시과,24418,울산광역시 울주군
금곡,35.51182777,129.1495802,버스택시과,24417,울산광역시 울주군
금곡경로당,35.50263368,129.1407908,버스택시과,24463,울산광역시 울주군
금곡경로당,35.50226858,129.1408628,버스택시과,24464,울산광역시 울주군
금곡마을회관,35.50801023,129.1496002,버스택시과,24462,울산광역시 울주군
금곡마을회관,35.50814791,129.1494666,버스택시과,24461,울산광역시 울주군
금관빌라드앞,35.33554351,129.2841796,버스운영과,77506,부산광역시
금관빌라드앞,35.33563448,129.2840267,버스운영과,77505,부산광역시
금란유치원,35.52995484,129.3047879,버스택시과,64807,울산광역시 남구
금성종합상사,35.57048537,129.1204409,버스택시과,15618,울산광역시 울주군
금성종합상사,35.57048242,129.1206084,버스택시과,15601,울산광역시 울주군
금아드림팰리스,35.54705004,129.1403524,버스택시과,15412,울산광역시 울주군
금아드림팰리스,35.54689784,129.1399579,버스택시과,15411,울산광역시 울주군
금정구청부산가톨릭대,35.2423646,129.0931613,버스운영과,57179,부산광역시
금정구청부산가톨릭대,35.24220217,129.0927823,버스운영과,57177,부산광역시
금정이마트,35.25065644,129.0912805,버스운영과,57142,부산광역시
금정체육공원입구,35.29170851,129.0986469,교통과,30593,양산시
금정체육공원입구,35.29154024,129.0988406,교통과,30594,양산시
금천마을,35.58024541,129.4522224,버스택시과,27921,울산광역시 북구
금천마을,35.58041801,129.4526432,버스택시과,27922,울산광역시 북구
금천마을입구,35.58004547,129.451988,버스택시과,27931,울산광역시 북구
금천마을입구,35.58016737,129.4519752,버스택시과,27930,울산광역시 북구
금천마을회관,35.57986201,129.4500636,버스택시과,61306,울산광역시 북구
금천마을회관,35.57961962,129.4494572,버스택시과,61305,울산광역시 북구
금호아파트,35.57534177,129.3051936,버스택시과,72001,울산광역시 중구
금호아파트,35.57537698,129.3056611,버스택시과,72000,울산광역시 중구
기백교,35.64992702,129.3608666,버스택시과,25516,울산광역시 북구
기백교,35.65006419,129.360672,버스택시과,25515,울산광역시 북구
길천,35.32914434,129.2820458,버스택시과,15970,울산광역시 울주군
길천,35.32960609,129.2824036,버스택시과,67008,울산광역시 울주군
길천삼거리,35.32982687,129.2834948,버스운영과,77507,부산광역시
길천삼거리,35.3298077,129.2829891,버스운영과,77508,부산광역시
길촌마을내,35.57723819,129.2901405,버스택시과,62102,울산광역시 중구
길촌마을내,35.57728557,129.2902521,버스택시과,62101,울산광역시 중구
길촌마을입구,35.57627109,129.2944617,버스택시과,62104,울산광역시 중구
길촌마을입구,35.57611123,129.2945757,버스택시과,62103,울산광역시 중구
길촌입구,35.57267055,129.3011823,버스택시과,72003,울산광역시 중구
길촌입구,35.57264946,129.3014845,버스택시과,72002,울산광역시 중구
꽃바위,35.47883279,129.4102792,버스택시과,19016,울산광역시 동구
꽃바위,35.4781034,129.4098083,버스택시과,19014,울산광역시 동구
꽃바위성당,35.48584222,129.4109477,버스택시과,70519,울산광역시 동구
꽃바위성당,35.48591018,129.4108461,버스택시과,70520,울산광역시 동구
꽃바위아파트,35.48382346,129.4096288,버스택시과,70518,울산광역시 동구
꽃바위아파트,35.48366769,129.4097034,버스택시과,70517,울산광역시 동구
꽃바위아파트,35.48159553,129.4113419,버스택시과,26503,울산광역시 동구
꽃바위아파트,35.48190726,129.4116928,버스택시과,26504,울산광역시 동구
나사리,35.35679871,129.3432864,버스택시과,23334,울산광역시 울주군
나사리,35.35767904,129.3411728,버스택시과,23319,울산광역시 울주군
나사리입구,35.35699915,129.3347177,버스택시과,23321,울산광역시 울주군
나사리입구,35.35703436,129.3355657,버스택시과,23322,울산광역시 울주군
나사마을,35.35727581,129.3396783,버스택시과,23320,울산광역시 울주군
나사마을,35.35698405,129.3402191,버스택시과,23361,울산광역시 울주군
나사마을,35.35693253,129.3402039,버스택시과,23360,울산광역시 울주군
나사출장소,35.35502619,129.3426732,버스택시과,23330,울산광역시 울주군
나사출장소,35.35502684,129.3427557,버스택시과,23339,울산광역시 울주군
나사해안길,35.35639731,129.3421182,버스택시과,23338,울산광역시 울주군
나사해안길,35.35640686,129.3422065,버스택시과,23337,울산광역시 울주군
나슬공원,35.48447264,129.3036748,버스택시과,22115,울산광역시 울주군
나슬공원,35.4845065,129.3039071,버스택시과,22116,울산광역시 울주군
나아리,35.69939707,129.4711363,교통행정과,2192,경주시
나아리,35.69910456,129.4710112,교통행정과,2028,경주시
남경노블랜드,35.54749917,129.3213783,버스택시과,63509,울산광역시 남구
남경노블랜드,35.54764859,129.3213981,버스택시과,63510,울산광역시 남구
남구국민체육센터,35.52359065,129.33771,버스택시과,24002,울산광역시 남구
남구국민체육센터,35.52339446,129.3376949,버스택시과,24001,울산광역시 남구
남구둔치주차장,35.54959688,129.3074188,버스택시과,21220,울산광역시 중구
남구문화원앞,35.54590931,129.326888,버스택시과,22809,울산광역시 남구
남구문화원앞,35.54606384,129.3269768,버스택시과,63301,울산광역시 남구
남구보건소앞,35.54569243,129.3358404,버스택시과,23702,울산광역시 남구
남구보건소앞,35.54554122,129.3356015,버스택시과,23701,울산광역시 남구
"남구예비군훈련장,청량농협",35.47505383,129.2941383,버스택시과,31502,울산광역시 울주군
"남구예비군훈련장,청량농협",35.47523453,129.2950041,버스택시과,22107,울산광역시 울주군
"남구예비군훈련장,청량농협",35.47550635,129.2953503,버스택시과,22108,울산광역시 울주군
"남구예비군훈련장,청량농협",35.47492276,129.2939041,버스택시과,31501,울산광역시 울주군
남구청앞/하이본병원,35.54278241,129.330618,버스택시과,31009,울산광역시 남구
남구청앞/하이본병원,35.54303183,129.3305806,버스택시과,31010,울산광역시 남구
남목1동,35.53937513,129.4252583,버스택시과,24243,울산광역시 동구
남목1동,35.53932548,129.4255749,버스택시과,24209,울산광역시 동구
남목1동,35.53953455,129.4257316,버스택시과,24210,울산광역시 동구
남목1동행정복지센터,35.5391062,129.4207982,버스택시과,24208,울산광역시 동구
남목2동,35.52446545,129.4328884,버스택시과,24217,울산광역시 동구
남목2동,35.52436731,129.4331544,버스택시과,24218,울산광역시 동구
남목3동행정복지센터앞,35.54538585,129.4312085,버스택시과,27716,울산광역시 동구
남목3동행정복지센터앞,35.54501063,129.4310382,버스택시과,27715,울산광역시 동구
남목고등학교,35.53761068,129.4192247,버스택시과,24205,울산광역시 동구
남목고등학교.비석골,35.53730278,129.418572,버스택시과,24206,울산광역시 동구
남목농협,35.54201775,129.4269266,버스택시과,27720,울산광역시 동구
남목농협,35.54206669,129.4267898,버스택시과,27719,울산광역시 동구
남목입구,35.54065003,129.4254571,버스택시과,27722,울산광역시 동구
남목입구,35.54074687,129.4253212,버스택시과,27721,울산광역시 동구
남목청구아파트,35.54470471,129.4300791,버스택시과,27723,울산광역시 동구
남목청구아파트,35.54458234,129.4300494,버스택시과,27724,울산광역시 동구
남목초등학교,35.54284679,129.426311,버스택시과,27728,울산광역시 동구
남목초등학교,35.54240943,129.425903,버스택시과,27727,울산광역시 동구
남목파출소,35.54246823,129.4298714,버스택시과,27718,울산광역시 동구
남목파출소,35.54147145,129.4292771,버스택시과,27501,울산광역시 동구
남목파출소,35.54154139,129.4294571,버스택시과,27502,울산광역시 동구
남목파출소,35.54251134,129.4297482,버스택시과,27717,울산광역시 동구
남목한신아파트,35.54547277,129.4299429,버스택시과,27725,울산광역시 동구
남목한신아파트,35.54562972,129.4299156,버스택시과,27726,울산광역시 동구
남부교회,35.54561438,129.3135651,버스택시과,63504,울산광역시 남구
남부교회,35.54555906,129.3139232,버스택시과,63503,울산광역시 남구
남부노인복지관,35.40770575,129.2978661,버스택시과,25410,울산광역시 울주군
남부노인복지관,35.40753621,129.2980154,버스택시과,25409,울산광역시 울주군
남부소방서앞,35.54699536,129.3342234,버스택시과,22814,울산광역시 남구
남부소방서앞,35.54673632,129.3351106,버스택시과,22813,울산광역시 남구
남부시장,35.34175324,129.0374038,교통과,59127,양산시
남부시장,35.34181991,129.0375732,교통과,59128,양산시
남부신협앞,35.54156344,129.3105465,버스택시과,63603,울산광역시 남구
남부신협앞,35.54186963,129.311047,버스택시과,63604,울산광역시 남구
남부초등학교,35.521866,129.320393,버스택시과,64602,울산광역시 남구
남부초등학교,35.521643,129.3202673,버스택시과,64601,울산광역시 남구
남산볼링장,35.26279413,129.0920496,버스운영과,57156,부산광역시
남산볼링장,35.26315941,129.0918182,버스운영과,57152,부산광역시
남산초등학교,35.53590421,129.2960752,버스택시과,40935,울산광역시 남구
남산초등학교,35.5359811,129.295941,버스택시과,21705,울산광역시 남구
남양그린빌,35.50722268,129.3115697,버스택시과,75402,울산광역시 남구
남양그린빌,35.50732579,129.3116916,버스택시과,75401,울산광역시 남구
남외중학교앞,35.56703669,129.3487708,버스택시과,62806,울산광역시 중구
남외중학교앞,35.56686826,129.3489391,버스택시과,62805,울산광역시 중구
남운아파트,35.56749008,129.3300814,버스택시과,30912,울산광역시 중구
남운아파트,35.56875254,129.330617,버스택시과,30911,울산광역시 중구
남운프라자,35.55171123,129.2667184,버스택시과,30932,울산광역시 남구
남운프라자,35.55194097,129.2664894,버스택시과,30931,울산광역시 남구
남운학성타운앞,35.55781913,129.3312257,버스택시과,11503,울산광역시 중구
남운학성타운앞,35.55791047,129.3313538,버스택시과,11504,울산광역시 중구
남울산우체국,35.54643782,129.3288091,버스택시과,22815,울산광역시 남구
남울산우체국,35.5465832,129.328805,버스택시과,63304,울산광역시 남구
남창,35.4171571,129.280812,버스택시과,31515,울산광역시 울주군
남창고등학교,35.41664323,129.2783373,버스택시과,31531,울산광역시 울주군
남창고등학교,35.41688244,129.2784612,버스택시과,31533,울산광역시 울주군
남창고등학교앞,35.41601769,129.2805963,버스택시과,31518,울산광역시 울주군
남창고등학교앞,35.41568737,129.2807315,버스택시과,31517,울산광역시 울주군
남창역,35.41903926,129.2819603,버스택시과,31537,울산광역시 울주군
남창역(기점),35.41836146,129.2824957,버스택시과,31532,울산광역시 울주군
남창역(종점),35.41842319,129.2824605,버스택시과,31534,울산광역시 울주군
남창입구,35.42057238,129.2808202,버스택시과,31514,울산광역시 울주군
남창입구,35.42038473,129.2806756,버스택시과,77816,울산광역시 울주군
남창중학교,35.41951251,129.2879075,버스택시과,67202,울산광역시 울주군
남창중학교,35.41938712,129.2877721,버스택시과,67201,울산광역시 울주군
남천공원,35.56463785,129.1122758,버스택시과,20100,울산광역시 울주군
남천교,35.56312191,129.124058,버스택시과,30240,울산광역시 울주군
남천교,35.56336227,129.1225718,버스택시과,30239,울산광역시 울주군
남천교사거리,35.56398861,129.1212941,버스택시과,30250,울산광역시 울주군
남호그린아파트앞,35.5134188,129.4235137,버스택시과,27112,울산광역시 동구
남호그린아파트앞,35.51383448,129.4235326,버스택시과,27111,울산광역시 동구
낭지교,35.52891496,129.2379011,버스택시과,65013,울산광역시 남구
낭지교,35.52885256,129.2377905,버스택시과,65014,울산광역시 남구
내고산,35.44325477,129.2644981,버스택시과,77815,울산광역시 울주군
내광가림지,35.43130303,129.2127586,버스택시과,15946,울산광역시 울주군
내광가림지,35.43116546,129.2128897,버스택시과,15947,울산광역시 울주군
내광마을,35.43491192,129.2175307,버스택시과,15903,울산광역시 울주군
내광마을,35.43512696,129.2175971,버스택시과,15904,울산광역시 울주군
내광종점,35.42851456,129.2093237,버스택시과,15902,울산광역시 울주군
내광종점,35.42836959,129.2092969,버스택시과,15901,울산광역시 울주군
내리정마을,35.56073968,129.0209929,버스택시과,30271,울산광역시 울주군
내리정마을,35.56074345,129.0207325,버스택시과,30270,울산광역시 울주군
내사,35.58693848,129.2668378,버스택시과,21333,울산광역시 울주군
내사,35.58689506,129.2669367,버스택시과,21334,울산광역시 중구
내사회관,35.58696232,129.2653839,버스택시과,21340,울산광역시 울주군
내사회관,35.58706351,129.265453,버스택시과,21339,울산광역시 울주군
내약마을,35.5828822,129.3258493,버스택시과,62503,울산광역시 중구
내약마을,35.58296181,129.325926,교통과,62504,울산광역시 중구
내약마을,35.58519491,129.3248953,버스택시과,11708,울산광역시 중구
내약마을,35.5848964,129.3236132,버스택시과,11709,울산광역시 중구
내약사마을1,35.58349013,129.3237843,버스택시과,62501,울산광역시 중구
내약사마을1,35.58338394,129.323992,버스택시과,62502,울산광역시 중구
내약사마을입구,35.58396586,129.3302019,버스택시과,62506,울산광역시 중구
내약사마을입구,35.58389395,129.3302214,버스택시과,62505,울산광역시 중구
내와,35.6919555,129.1216102,버스택시과,31828,울산광역시 울주군
내외양,35.50662087,129.1375818,버스택시과,24414,울산광역시 울주군
내외양,35.50652317,129.1377268,버스택시과,24413,울산광역시 울주군
내원사입구,35.44627876,129.0748742,교통과,59249,양산시
내원사입구,35.44644085,129.0750561,교통과,59250,양산시
내일2리 소태,35.76243096,129.0691689,교통행정과,3033,경주시
내일2리 소태,35.76234294,129.069024,교통행정과,3032,경주시
내회,35.40002275,129.3135611,버스택시과,25414,울산광역시 울주군
내회,35.39993619,129.3134215,버스택시과,25413,울산광역시 울주군
내회마을,35.40601119,129.3205526,버스택시과,67221,울산광역시 울주군
내회마을,35.40612727,129.3204758,버스택시과,67222,울산광역시 울주군
넝쿨아파트,35.53660956,129.3011112,버스택시과,12417,울산광역시 남구
넝쿨아파트,35.53689644,129.3008774,버스택시과,12414,울산광역시 남구
네오파트APT,35.35835641,129.0434113,교통과,59155,양산시
노서마을,35.64228367,129.1549439,버스택시과,30384,울산광역시 울주군
노서마을,35.64216889,129.154938,버스택시과,30383,울산광역시 울주군
노포동역(기점),35.28326138,129.094807,교통과,30596,양산시
노포동역(종점),35.28333284,129.0949737,교통과,30595,양산시
노포삼거리,35.27986857,129.0929131,교통과,4625,양산시
노포삼거리,35.27970894,129.0926337,교통과,4624,양산시
녹동마을,35.29665623,129.0840502,버스운영과,57221,부산광역시
녹동마을,35.29681543,129.0843526,버스운영과,57037,부산광역시
녹동마을입구,35.45438002,129.0769341,교통과,59252,양산시
녹동마을입구,35.45442869,129.0767472,교통과,59251,양산시
녹수초등학교,35.53056872,129.4307883,버스택시과,27102,울산광역시 동구
녹수초등학교,35.52999939,129.4296404,버스택시과,27101,울산광역시 동구
농소1동도서관,35.62930285,129.3546373,버스택시과,25328,울산광역시 북구
농소1동도서관,35.62934796,129.3547662,버스택시과,25327,울산광역시 북구
농소1동행정복지센터,35.6221163,129.3553959,버스택시과,25311,울산광역시 북구
농소1동행정복지센터,35.62231929,129.3554664,버스택시과,25312,울산광역시 북구
농소2동행정복지센터,35.63859833,129.3468096,버스택시과,25302,울산광역시 북구
농소2동행정복지센터,35.63796895,129.3468652,버스택시과,25301,울산광역시 북구
농소공영차고지,35.61162468,129.3575008,버스택시과,25318,울산광역시 북구
농소공영차고지,35.61150538,129.3571923,버스택시과,25317,울산광역시 북구
농소공영차고지,35.61132159,129.3573945,버스택시과,25332,울산광역시 북구
농소공영차고지,35.6106891,129.3561895,버스택시과,0,울산광역시 북구
농소공영차고지,35.61141309,129.3574876,버스택시과,25331,울산광역시 북구
농소농협하나로마트,35.63472065,129.3494177,버스택시과,25343,울산광역시 북구
농소농협하나로마트,35.63420921,129.34928,버스택시과,25344,울산광역시 북구
농소운동장,35.62054768,129.3562325,버스택시과,25314,울산광역시 북구
농소운동장,35.62065757,129.3560204,버스택시과,25313,울산광역시 북구
농소중학교,35.62492011,129.3537521,버스택시과,25310,울산광역시 북구
농소중학교,35.62395002,129.3542568,버스택시과,25309,울산광역시 북구
농수산물도매시장앞,35.54008988,129.3419168,버스택시과,40422,울산광역시 남구
농수산물도매시장앞,35.53974803,129.3429079,버스택시과,40421,울산광역시 남구
농수산물시장,35.49870673,129.4197811,버스택시과,60902,울산광역시 동구
농수산물시장,35.49856737,129.4199817,버스택시과,60903,울산광역시 동구
농수산물시장,35.49875271,129.4199371,버스택시과,60901,울산광역시 동구
농수산물유통센터정문,35.57821644,129.3565952,버스택시과,14818,울산광역시 북구
농수산물유통센터정문,35.57860001,129.3562867,버스택시과,14824,울산광역시 북구
농수산물종합유통센터후문,35.58051993,129.3577602,버스택시과,30934,울산광역시 북구
농수산물종합유통센터후문,35.58080876,129.3555815,버스택시과,30933,울산광역시 북구
농심메가마트앞,35.56087629,129.3560484,버스택시과,30606,울산광역시 북구
농심메가마트앞,35.5606308,129.356069,버스택시과,30605,울산광역시 북구
농업기술센터,35.52243809,129.2657419,버스택시과,15810,울산광역시 울주군
농업기술센터,35.52245593,129.2662178,버스택시과,15809,울산광역시 울주군
농업인회관,35.53674336,129.3079278,버스택시과,31023,울산광역시 남구
농업인회관,35.53695509,129.3077303,버스택시과,31024,울산광역시 남구
농협앞,35.558019,129.3120532,버스택시과,40744,울산광역시 중구
농협은행웅상지점,35.41447317,129.1705832,교통과,59383,양산시
농협은행웅상지점,35.4147909,129.171235,교통과,30544,양산시
농협은행웅상지점,35.41438632,129.1708522,교통과,76902,양산시
농협은행웅상지점,35.41441534,129.1705052,교통과,76901,양산시
농협중앙회앞,35.56512202,129.1239956,버스택시과,20618,울산광역시 울주군
농협척과지점,35.61315976,129.2764012,버스택시과,15258,울산광역시 울주군
농협척과지점,35.61314213,129.2762193,버스택시과,15257,울산광역시 울주군
농협하나로마트,35.55714756,129.2547635,버스택시과,40247,울산광역시 울주군
농협하나로마트,35.557603,129.2545612,버스택시과,76101,울산광역시 남구
뉴시티에일린의뜰,35.48250737,129.3024261,버스택시과,22114,울산광역시 울주군
뉴시티에일린의뜰,35.4826299,129.3022616,버스택시과,22113,울산광역시 울주군
뉴시티에일린의뜰1단지,35.48273099,129.3007415,버스택시과,22112,울산광역시 울주군
뉴시티에일린의뜰1단지,35.48327707,129.3003528,버스택시과,22111,울산광역시 울주군
뉴시티에일린의뜰2단지,35.48142003,129.3031117,버스택시과,22117,울산광역시 울주군
뉴시티에일린의뜰2단지,35.48089075,129.3034602,버스택시과,22118,울산광역시 울주군
늘푸른아파트,35.5140711,129.4210199,버스택시과,60411,울산광역시 동구
늘푸른아파트,35.51406935,129.4208618,버스택시과,60412,울산광역시 동구
능산,35.57565745,129.1040834,버스택시과,30229,울산광역시 울주군
능산,35.57581884,129.104037,버스택시과,30230,울산광역시 울주군
능산마을,35.5837541,129.1045991,버스택시과,15423,울산광역시 울주군
능산마을,35.58381286,129.1043304,버스택시과,15424,울산광역시 울주군
니프코,35.59066009,129.0864541,버스택시과,30151,울산광역시 울주군
니프코,35.59128838,129.0857322,버스택시과,30152,울산광역시 울주군
다개,35.61337767,129.1229128,버스택시과,15118,울산광역시 울주군
다개,35.61286694,129.1229011,버스택시과,15117,울산광역시 울주군
다개사입구,35.60579009,129.1262404,버스택시과,30393,울산광역시 울주군
다개입구,35.59955436,129.1375152,버스택시과,30335,울산광역시 울주군
다개입구,35.60044757,129.1384554,버스택시과,30336,울산광역시 울주군
다방삼거리,35.33264416,129.0398684,교통과,59140,양산시
다방삼거리,35.33215218,129.0397567,교통과,59141,양산시
다운교,35.57921805,129.2652984,버스택시과,21102,울산광역시 중구
다운교,35.57930853,129.2651857,버스택시과,21101,울산광역시 중구
다운농협,35.5589774,129.2717,버스택시과,21114,울산광역시 중구
다운농협,35.55817284,129.2724414,버스택시과,21113,울산광역시 중구
다운동아 아파트,35.56934851,129.2663165,버스택시과,21124,울산광역시 중구
다운동아 아파트앞,35.56852266,129.2665107,버스택시과,21106,울산광역시 중구
다운동아아파트앞,35.56792795,129.2662112,버스택시과,21105,울산광역시 중구
다운동아아파트앞,35.56797656,129.266431,버스택시과,21118,울산광역시 중구
다운동행정복지센터앞,35.55695855,129.2743589,버스택시과,21116,울산광역시 중구
다운동행정복지센터앞,35.5568252,129.2742151,버스택시과,21115,울산광역시 중구
다운아파트,35.56280781,129.2671614,버스택시과,21109,울산광역시 중구
다운아파트,35.56307139,129.2671608,버스택시과,21110,울산광역시 중구
다운중고등학교,35.56572381,129.2661465,버스택시과,21108,울산광역시 중구
다운중고등학교,35.56627214,129.265977,버스택시과,21107,울산광역시 중구
다운중학교,35.56835926,129.2689715,버스택시과,21121,울산광역시 중구
다운중학교,35.5686224,129.2705029,버스택시과,21126,울산광역시 중구
다운중학교,35.56865209,129.2707243,버스택시과,21125,울산광역시 중구
다운중학교,35.56815825,129.2699556,버스택시과,21122,울산광역시 중구
다운파출소,35.5605313,129.2699574,버스택시과,21111,울산광역시 중구
달곡당수나무,35.60882902,129.4217983,버스택시과,26232,울산광역시 북구
달곡당수나무,35.6088239,129.4219289,버스택시과,26231,울산광역시 북구
달곡마을,35.60468723,129.4327721,버스택시과,26323,울산광역시 북구
달곡마을,35.60460319,129.4328599,버스택시과,26324,울산광역시 북구
달곡마을회관,35.60835225,129.4265106,버스택시과,26229,울산광역시 북구
달곡마을회관,35.60837549,129.4268255,버스택시과,26230,울산광역시 북구
달동사거리,35.53563596,129.3311399,버스택시과,23002,울산광역시 남구
달동사거리,35.53634957,129.3134064,버스택시과,31113,울산광역시 남구
달동사거리,35.53538107,129.3309371,버스택시과,40801,울산광역시 남구
달동사거리,35.53581447,129.3139615,버스택시과,31114,울산광역시 남구
달동사거리,35.53512332,129.3138854,버스택시과,31115,울산광역시 남구
달동주공아파트,35.53443844,129.326211,버스택시과,12101,울산광역시 남구
달동주공아파트,35.53439738,129.3268166,버스택시과,12102,울산광역시 남구
달동주공아파트앞,35.53421193,129.3296551,버스택시과,40530,울산광역시 남구
달동주공아파트앞,35.53577478,129.3284668,버스택시과,40529,울산광역시 남구
달동현대아파트앞,35.53630572,129.3237411,버스택시과,40411,울산광역시 남구
달천 아이파크1차,35.63425081,129.3297663,버스택시과,14209,울산광역시 북구
달천 아이파크1차,35.63441954,129.3299553,버스택시과,14211,울산광역시 북구
달천농공단지내,35.63880957,129.3160526,버스택시과,14504,울산광역시 북구
달천농공단지내,35.63654322,129.3139821,버스택시과,14503,울산광역시 북구
달천농공단지입구,35.63132711,129.3166845,버스택시과,14508,울산광역시 북구
달천농공단지입구,35.63148055,129.3168586,버스택시과,14507,울산광역시 북구
달천아이파크1차,35.63520394,129.3283678,버스택시과,14215,울산광역시 북구
달천아이파크2차,35.63295463,129.3282561,버스택시과,14212,울산광역시 북구
달천아이파크2차,35.63289873,129.3279907,버스택시과,14210,울산광역시 북구
달천회관앞,35.63036085,129.3148041,버스택시과,14510,울산광역시 북구
달천회관앞(기점),35.63066161,129.3149749,버스택시과,14509,울산광역시 북구
달천회관앞(종점),35.63075376,129.3151644,버스택시과,14502,울산광역시 북구
담안마을,35.51758762,129.2330566,버스택시과,65036,울산광역시 남구
당고개,35.50803394,129.1973133,버스택시과,24450,울산광역시 울주군
당고개,35.50782323,129.1974122,버스택시과,24449,울산광역시 울주군
당사군부대,35.58595785,129.4619993,버스택시과,27927,울산광역시 북구
당사군부대,35.58596315,129.4621298,버스택시과,27928,울산광역시 북구
당사마을,35.58532198,129.4558927,버스택시과,27917,울산광역시 북구
당사마을,35.58524342,129.4560382,버스택시과,27918,울산광역시 북구
당산,35.53599542,129.0109514,버스택시과,30267,울산광역시 울주군
당산,35.66732424,129.2227968,버스택시과,15223,울산광역시 울주군
당산,35.66730998,129.2229357,버스택시과,15224,울산광역시 울주군
당산,35.53617881,129.0108741,버스택시과,30268,울산광역시 울주군
당산중리,35.66880435,129.2057926,버스택시과,15225,울산광역시 울주군
당산중리,35.66868394,129.2056552,버스택시과,15226,울산광역시 울주군
당산중리회관,35.66851547,129.2084472,교통과,15447,울산광역시 울주군
당산중리회관,35.66839293,129.208464,교통과,15446,울산광역시 울주군
당수,35.70472778,129.1404898,버스택시과,31820,울산광역시 울주군
당수,35.70459075,129.1404809,버스택시과,31819,울산광역시 울주군
당수나무,35.57650157,129.2913469,버스택시과,62108,울산광역시 중구
당수나무,35.57667079,129.2913324,버스택시과,62107,울산광역시 중구
당지,35.65166607,129.2230836,버스택시과,15234,울산광역시 울주군
당지,35.65154242,129.2227776,버스택시과,15233,울산광역시 울주군
당지마을,35.65303093,129.2248318,버스택시과,15300,울산광역시 울주군
당지마을,35.65287015,129.2248375,버스택시과,15299,울산광역시 울주군
당촌,35.43068941,129.1797748,교통과,76802,양산시
당촌,35.43069888,129.179538,교통과,76801,양산시
대경넥스빌,35.51701602,129.4266253,버스택시과,70202,울산광역시 동구
대경넥스빌,35.5166526,129.426682,버스택시과,70201,울산광역시 동구
대경넥스빌앞,35.51559881,129.4242227,버스택시과,27109,울산광역시 동구
대경넥스빌앞,35.51715552,129.4246064,버스택시과,27110,울산광역시 동구
대경산전,35.50486504,129.3042065,버스택시과,15940,울산광역시 울주군
대경산전,35.5042782,129.3042625,버스택시과,15941,울산광역시 울주군
대곡,35.66408762,129.0903901,버스택시과,15288,울산광역시 울주군
대곡박물관,35.61880551,129.1683385,버스택시과,30357,울산광역시 울주군
대곡박물관,35.61870669,129.1684489,버스택시과,30358,울산광역시 울주군
대곡박물관입구,35.61730727,129.1501006,버스택시과,30354,울산광역시 울주군
대곡박물관입구,35.61742449,129.1501668,버스택시과,30353,울산광역시 울주군
대곡입구,35.66659254,129.0889522,버스택시과,15267,울산광역시 울주군
대곡입구,35.66663936,129.0890571,버스택시과,15268,울산광역시 울주군
대공원,35.5318657,129.2937066,버스택시과,21903,울산광역시 남구
대공원호반베르디움,35.51507134,129.294099,버스택시과,22420,울산광역시 남구
대공원호반베르디움,35.51494229,129.2939044,버스택시과,22419,울산광역시 남구
대동아파트앞,35.63899077,129.3273589,버스택시과,14304,울산광역시 북구
대동아파트앞,35.6387595,129.3272743,버스택시과,14303,울산광역시 북구
대동아파트입구,35.63886356,129.3295198,버스택시과,14217,울산광역시 북구
대동아파트입구,35.63843438,129.3288823,버스택시과,14216,울산광역시 북구
대동종합물류,35.4404318,129.0723067,교통과,59241,양산시
대동종합물류,35.44048005,129.0724986,교통과,59242,양산시
대룡마을,35.28956201,129.0890752,교통과,4620,양산시
대룡마을,35.28954192,129.0893836,교통과,4621,양산시
대륙2차현대아파트앞,35.5412972,129.2944875,버스택시과,12614,울산광역시 남구
대륙2차현대아파트앞,35.54115541,129.2944969,버스택시과,12613,울산광역시 남구
대리,35.59278141,129.1086238,버스택시과,15355,울산광역시 울주군
대리,35.5667267,129.2494255,버스택시과,20413,울산광역시 울주군
대리,35.56613907,129.2482106,버스택시과,20426,울산광역시 울주군
대리,35.5659312,129.2494419,버스택시과,20414,울산광역시 울주군
대리,35.56596644,129.2482264,버스택시과,20425,울산광역시 울주군
대리,35.592895,129.1086192,버스택시과,15356,울산광역시 울주군
대리마을,35.66341842,129.1719151,버스택시과,30438,울산광역시 울주군
대리마을,35.66348528,129.172015,버스택시과,30437,울산광역시 울주군
대밀사거리,35.65574627,129.1991745,버스택시과,20709,울산광역시 울주군
대밀사거리,35.65588396,129.1991961,버스택시과,20710,울산광역시 울주군
대방마을,35.61957498,129.3122163,버스택시과,14514,울산광역시 북구
대방마을,35.61906735,129.31195,버스택시과,14513,울산광역시 북구
대방마을입구,35.61586942,129.3113369,버스택시과,14505,울산광역시 북구
대방마을입구,35.61585291,129.3114702,버스택시과,14506,울산광역시 북구
대방아파트,35.54943591,129.1671048,버스택시과,30419,울산광역시 울주군
대방아파트,35.54949367,129.166814,버스택시과,30420,울산광역시 울주군
대밭골,35.4384723,129.2233655,버스택시과,15945,울산광역시 울주군
대밭골,35.4385763,129.2232224,버스택시과,15944,울산광역시 울주군
대복구판장,35.48778069,129.2138988,버스택시과,24443,울산광역시 울주군
대복구판장,35.48794571,129.2139312,버스택시과,24444,울산광역시 울주군
대복입구,35.48479248,129.2168384,버스택시과,24445,울산광역시 울주군
대복입구,35.48493602,129.2165306,버스택시과,24446,울산광역시 울주군
대복입구울산예고,35.48410884,129.217036,버스택시과,30513,울산광역시 울주군
대복입구울산예고,35.48420333,129.2173677,버스택시과,30514,울산광역시 울주군
대산빌라,35.55279441,129.3473044,버스택시과,11107,울산광역시 중구
대산빌라,35.5529132,129.3474512,버스택시과,11106,울산광역시 중구
대석휴먼시아,35.38894267,129.0535786,교통과,4542,양산시
대석휴먼시아,35.38900832,129.0533364,교통과,4541,양산시
대성,35.39110811,129.0556435,교통과,59189,양산시
대성,35.39135711,129.0555306,교통과,59190,양산시
대성농수산,35.37050877,129.3530332,버스택시과,23328,울산광역시 울주군
대성농수산,35.3704536,129.3529471,버스택시과,23327,울산광역시 울주군
대성빌라,35.48644761,129.4278623,버스택시과,61112,울산광역시 동구
대성빌라,35.48653419,129.4280296,버스택시과,61111,울산광역시 동구
대송동행정복지센터,35.50255461,129.419069,버스택시과,70606,울산광역시 동구
대송동행정복지센터,35.50276983,129.4190079,버스택시과,70605,울산광역시 동구
대송마을회관,35.36100933,129.3555316,버스택시과,23353,울산광역시 울주군
대송마을회관,35.36091049,129.3556332,버스택시과,23352,울산광역시 울주군
대송중학교,35.50394413,129.4201033,버스택시과,60805,울산광역시 동구
대송중학교,35.50372834,129.4200137,버스택시과,60806,울산광역시 동구
"대신,녹동",35.64908179,129.2873666,버스택시과,21302,울산광역시 울주군
"대신,녹동",35.64904944,129.2872187,버스택시과,21301,울산광역시 울주군
대신강업,35.57145155,129.367066,버스택시과,25909,울산광역시 북구
대신강업,35.5716011,129.3656449,버스택시과,25910,울산광역시 북구
대신회관,35.64305729,129.2873138,버스택시과,21305,울산광역시 울주군
대신회관,35.64357603,129.2876978,버스택시과,21306,울산광역시 울주군
대안(기점),35.648095,129.4225265,버스택시과,14002,울산광역시 북구
대안(종점),35.64808021,129.422572,버스택시과,14001,울산광역시 북구
대안사거리,35.41431841,129.2826361,버스택시과,31519,울산광역시 울주군
대안사거리,35.41437297,129.282985,버스택시과,31520,울산광역시 울주군
대안입구,35.63969201,129.4396961,버스택시과,14011,울산광역시 북구
대안입구,35.64000615,129.4403473,버스택시과,26306,울산광역시 북구
대안입구,35.63998794,129.4401566,버스택시과,26305,울산광역시 북구
대안입구,35.63981214,129.439667,버스택시과,14012,울산광역시 북구
대안입구(기점),35.639737,129.4406234,버스택시과,14016,울산광역시 북구
대안입구(종점),35.63964972,129.440827,교통행정과,14015,울산광역시 북구
대안현대아파트앞,35.41223788,129.2850586,버스택시과,31536,울산광역시 울주군
대안현대아파트앞,35.41207608,129.284874,버스택시과,31535,울산광역시 울주군
대왕암공원,35.49007834,129.4359918,버스택시과,61016,울산광역시 동구
대왕암공원,35.48913772,129.4358602,버스택시과,61015,울산광역시 동구
대왕암공원입구,35.49220332,129.4279338,버스택시과,61012,울산광역시 동구
대왕암공원입구,35.49246364,129.4272219,버스택시과,61011,울산광역시 동구
대왕암공원입구,35.49193024,129.4262814,버스택시과,24235,울산광역시 동구
대왕암공원입구,35.4915373,129.4264076,버스택시과,24236,울산광역시 동구
대우마리나입구,35.38561403,129.0512518,교통과,59187,양산시
대우마리나입구,35.3859305,129.0511233,교통과,59186,양산시
대우아파트,35.40688098,129.2868475,버스택시과,77824,울산광역시 울주군
대우아파트,35.40754987,129.2869418,버스택시과,77823,울산광역시 울주군
대우푸르지오아파트,35.54616318,129.3420158,버스택시과,63308,울산광역시 남구
대우푸르지오아파트,35.54604991,129.3420272,버스택시과,63305,울산광역시 남구
대운산,35.39523081,129.2449265,버스택시과,77801,울산광역시 울주군
대운산,35.39509602,129.2450221,버스택시과,77802,울산광역시 울주군
대운산제2주차장,35.40074876,129.2553837,버스택시과,77812,울산광역시 울주군
대운산제2주차장,35.40088868,129.25525,버스택시과,77811,울산광역시 울주군
대원그린아파트,35.53237488,129.1048769,버스택시과,30124,울산광역시 울주군
대원그린아파트,35.5326126,129.1048862,교통과,30123,울산광역시 울주군
대원정밀,35.65563664,129.3536936,교통과,61407,울산광역시 북구
대정,35.63502605,129.1582779,교통과,30319,울산광역시 울주군
대정,35.63510258,129.1583982,버스택시과,30320,울산광역시 울주군
대진,35.45587463,129.2057094,버스택시과,30522,울산광역시 울주군
대진,35.45631487,129.2055141,버스택시과,30521,울산광역시 울주군
대한유화앞,35.45183909,129.3340824,버스택시과,40126,울산광역시 울주군
대한유화앞,35.45192571,129.3338565,버스택시과,40125,울산광역시 울주군
"대한의원,하늘샘교회",35.49090374,129.4201711,버스택시과,70804,울산광역시 동구
"대한의원,하늘샘교회",35.49085309,129.4202675,버스택시과,70803,울산광역시 동구
대현3리A지구,35.66940275,129.0554221,교통행정과,3052,경주시
대현3리A지구 외항,35.65430523,129.0645996,교통행정과,3048,경주시
대현3리A지구 외항,35.65438259,129.0647049,교통행정과,3049,경주시
대현3리B지구,35.6640933,129.0589135,교통행정과,3050,경주시
대현3리B지구,35.66372711,129.0591998,교통행정과,3051,경주시
대현3리C지구,35.66920716,129.0554367,교통행정과,3053,경주시
대현동행정복지센터,35.52664167,129.3275339,버스택시과,31209,울산광역시 남구
대현마을회관,35.6169356,129.1542528,버스택시과,30356,울산광역시 울주군
대현마을회관,35.61703576,129.1542152,버스택시과,30355,울산광역시 울주군
대현중학교,35.54306324,129.3354516,버스택시과,23707,울산광역시 남구
대현중학교,35.54304039,129.3356923,버스택시과,23708,울산광역시 남구
대현초등학교앞,35.52693756,129.325834,버스택시과,31210,울산광역시 남구
"덕계동하이마트,시외버스정류소",35.37424265,129.1533031,교통과,59317,양산시
덕계마을(덕계다리),35.37715587,129.1541439,교통과,30566,양산시
덕계마을(덕계다리),35.37736854,129.1540458,교통과,30565,양산시
덕계마을회관,35.37825579,129.1555823,교통과,59319,양산시
덕계메가마트,35.37292441,129.1496893,교통과,30569,양산시
덕계메가마트,35.37326603,129.1502533,교통과,30570,양산시
덕계사거리,35.37466215,129.1517185,교통과,30568,양산시
덕계사거리,35.37388581,129.1517233,교통과,59316,양산시
덕계사거리,35.37511015,129.151902,교통과,30567,양산시
덕계상설시장,35.36967181,129.1478709,교통과,30500,양산시
덕계상설시장,35.3701819,129.148321,교통과,30572,양산시
덕산,35.47107834,129.1686201,버스택시과,41291,울산광역시 울주군
덕산,35.47095176,129.1686255,버스택시과,41286,울산광역시 울주군
덕신대교,35.4289656,129.3058167,버스택시과,77713,울산광역시 울주군
덕신대교,35.42882219,129.3059939,버스택시과,77714,울산광역시 울주군
덕신대교,35.42953488,129.3069201,버스택시과,77716,울산광역시 울주군
덕신대교,35.42982354,129.3069364,버스택시과,77715,울산광역시 울주군
덕신소공원,35.43287196,129.3111532,버스택시과,77720,울산광역시 울주군
덕신소공원,35.43355082,129.311559,버스택시과,77719,울산광역시 울주군
덕신입구,35.43959607,129.284711,버스택시과,31510,울산광역시 울주군
덕신입구,35.43785576,129.2836789,버스택시과,31509,울산광역시 울주군
덕신초등학교앞,35.4347568,129.3059132,버스택시과,22305,울산광역시 울주군
덕신초등학교앞,35.43510442,129.3060657,버스택시과,22306,울산광역시 울주군
덕양산업,35.57964711,129.3630329,버스택시과,25902,울산광역시 북구
덕양산업,35.58011832,129.3627714,버스택시과,25901,울산광역시 북구
덕정마을,35.48560165,129.298647,버스택시과,22106,울산광역시 울주군
덕정마을,35.48498436,129.2983744,버스택시과,22105,울산광역시 울주군
덕하공영차고지,35.47550957,129.3104881,버스택시과,40143,울산광역시 울주군
덕하공영차고지(기점),35.47575355,129.3099854,버스택시과,40142,울산광역시 울주군
덕하공영차고지(종점),35.4763269,129.3099427,버스택시과,40141,울산광역시 울주군
덕하교,35.48715988,129.3002143,버스택시과,24625,울산광역시 울주군
덕하교,35.48715121,129.3000132,버스택시과,24626,울산광역시 울주군
덕하삼거리,35.49475895,129.3063649,버스택시과,40105,울산광역시 울주군
덕하삼거리,35.49571184,129.306247,버스택시과,40106,울산광역시 울주군
덕하시장앞,35.49188875,129.3071946,버스택시과,40107,울산광역시 울주군
덕하시장앞,35.49192295,129.3076446,버스택시과,40108,울산광역시 울주군
덕하역,35.49350249,129.303703,버스택시과,22110,울산광역시 울주군
덕하역,35.49358135,129.3034766,버스택시과,22109,울산광역시 울주군
덕하역/덕하시장,35.49124023,129.3045897,버스택시과,22103,울산광역시 울주군
덕하역/덕하시장,35.49164288,129.305031,버스택시과,22104,울산광역시 울주군
덕하한양수자인,35.48900458,129.3017089,버스택시과,24633,울산광역시 울주군
덕하한양수자인,35.4889423,129.3013432,버스택시과,24634,울산광역시 울주군
덕현,35.46961682,129.1653174,버스택시과,41285,울산광역시 울주군
덕현,35.46965443,129.165189,버스택시과,41293,울산광역시 울주군
덕현마을,35.46712984,129.1727668,버스택시과,15736,울산광역시 울주군
덕현마을,35.46663178,129.1730137,버스택시과,15735,울산광역시 울주군
도동마을,35.59210313,129.0947599,버스택시과,15383,울산광역시 울주군
도동마을,35.59159475,129.0941296,버스택시과,15384,울산광역시 울주군
도산사거리,35.53291581,129.3296818,버스택시과,40535,울산광역시 남구
도성가든후문,35.54068481,129.2957156,버스택시과,63802,울산광역시 남구
도성가든후문,35.540567,129.2958387,버스택시과,63801,울산광역시 남구
도성아파트,35.53774326,129.2970652,버스택시과,21704,울산광역시 남구
도성암,35.700663,129.1953033,버스택시과,30364,울산광역시 울주군
도화골입구,35.56854052,129.3279423,버스택시과,11435,울산광역시 중구
도화골입구,35.5688764,129.3287461,버스택시과,11434,울산광역시 중구
돌담집,35.58320101,129.3062073,버스택시과,11809,울산광역시 중구
돌담집,35.58331094,129.3062116,버스택시과,11810,울산광역시 중구
동골,35.68776137,129.0523484,교통행정과,3062,경주시
동골,35.68788622,129.052308,교통행정과,3061,경주시
동광약국,35.56352663,129.3260797,버스택시과,40695,울산광역시 중구
동광카,35.50431282,129.0884528,버스택시과,27507,울산광역시 울주군
동광카,35.50462935,129.0884427,버스택시과,27506,울산광역시 울주군
동구노인복지관,35.52468254,129.430958,버스택시과,60208,울산광역시 동구
동구노인복지관,35.52471407,129.4307958,버스택시과,60207,울산광역시 동구
동구노인요양원,35.53324961,129.4132377,버스택시과,24255,울산광역시 동구
동구노인요양원,35.53339686,129.4130297,버스택시과,24258,울산광역시 동구
동구문화원,35.49407814,129.424863,버스택시과,61008,울산광역시 동구
동구문화원,35.49380274,129.4250426,버스택시과,61007,울산광역시 동구
동구보훈복지회관,35.48728342,129.4119419,버스택시과,70535,울산광역시 동구
동구보훈복지회관,35.48742237,129.4121274,버스택시과,70536,울산광역시 동구
동구청,35.5052767,129.4176701,버스택시과,27127,울산광역시 동구
동구청,35.50485618,129.4173627,버스택시과,27117,울산광역시 동구
동구청,35.50530606,129.4179357,버스택시과,27118,울산광역시 동구
동구청사거리,35.50424793,129.4163695,버스택시과,61131,울산광역시 동구
동구청사거리,35.50408257,129.4165802,버스택시과,61132,울산광역시 동구
동덕현대복산아이파크,35.56535894,129.3287443,버스택시과,30914,울산광역시 중구
동덕현대복산아이파크,35.56520618,129.3282397,버스택시과,30913,울산광역시 중구
동덕현대아파트,35.56475894,129.3271867,버스택시과,63004,울산광역시 중구
동덕현대아파트,35.55707577,129.3035267,버스택시과,63103,울산광역시 중구
동덕현대아파트,35.56469842,129.3271568,버스택시과,63003,울산광역시 중구
동덕현대아파트,35.5568306,129.3037901,버스택시과,63104,울산광역시 중구
동면우체국(가상),35.30777293,129.108378,교통과,0,양산시
동면우체국(가상),35.30637939,129.10716,교통과,0,양산시
동면행정복지센터,35.3226931,129.0621509,교통과,59217,양산시
동면행정복지센터,35.32271288,129.0624499,교통과,59437,양산시
동명그린빌,35.55886502,129.313374,버스택시과,63002,울산광역시 중구
동문굿모닝힐,35.54893788,129.2510089,버스택시과,40789,울산광역시 남구
동문디이스트,35.557922,129.1318246,버스택시과,30465,울산광역시 울주군
동문디이스트,35.55792195,129.1302677,버스택시과,30466,울산광역시 울주군
동백아파트앞,35.44036636,129.3077915,버스택시과,22302,울산광역시 울주군
동부3단지아파트,35.52364198,129.3240698,버스택시과,12504,울산광역시 남구
동부3단지아파트,35.52353082,129.3239335,버스택시과,12503,울산광역시 남구
동부경찰서,35.50882057,129.4283604,버스택시과,60505,울산광역시 동구
동부경찰서,35.50781424,129.4299606,버스택시과,24227,울산광역시 동구
동부경찰서,35.50797166,129.4302088,버스택시과,24228,울산광역시 동구
동부경찰서,35.50892729,129.4283856,버스택시과,60506,울산광역시 동구
동부도서관앞,35.52835277,129.4270002,버스택시과,27103,울산광역시 동구
동부도서관앞,35.52818962,129.4270482,버스택시과,27104,울산광역시 동구
동부아파트104동,35.52396057,129.3217837,버스택시과,64503,울산광역시 남구
동부아파트104동,35.52401713,129.3219646,버스택시과,64504,울산광역시 남구
동부아파트204동,35.52463411,129.3199107,버스택시과,64502,울산광역시 남구
동부아파트204동,35.52452819,129.3198866,버스택시과,64501,울산광역시 남구
동부아파트입구,35.52742029,129.3225519,버스택시과,31208,울산광역시 남구
동부아파트입구,35.52687263,129.3232421,버스택시과,31207,울산광역시 남구
동부주공아파트,35.57182557,129.1223202,버스택시과,15616,울산광역시 울주군
동부주공아파트,35.57168646,129.1222371,버스택시과,15603,울산광역시 울주군
동산,35.61617946,129.3298468,버스택시과,14405,울산광역시 북구
동산,35.61629327,129.3299965,버스택시과,14406,울산광역시 북구
동상주유소,35.4194635,129.2948351,버스택시과,67207,울산광역시 울주군
동상주유소,35.41971285,129.2950536,버스택시과,67206,울산광역시 울주군
동상회관,35.41910996,129.2900368,버스택시과,67203,울산광역시 울주군
동상회관,35.4192374,129.2899213,버스택시과,67204,울산광역시 울주군
동서그린아파트,35.52968521,129.3268227,버스택시과,64308,울산광역시 남구
동서그린아파트앞,35.52955296,129.3268109,버스택시과,64307,울산광역시 남구
동서오거리,35.53069668,129.3152811,버스택시과,31204,울산광역시 남구
동서오거리,35.5306971,129.3144092,버스택시과,31203,울산광역시 남구
동아청구아파트앞,35.58866614,129.3660918,버스택시과,71102,울산광역시 북구
동아청구아파트앞,35.58880968,129.3659004,버스택시과,71101,울산광역시 북구
동우HST,35.60783885,129.0741715,버스택시과,15457,울산광역시 울주군
동울산시장,35.50901285,129.4250368,버스택시과,60501,울산광역시 동구
동울산시장,35.5090379,129.4251692,버스택시과,60502,울산광역시 동구
동울산우체국,35.51160565,129.4307712,버스택시과,24226,울산광역시 동구
동울산우체국,35.51117712,129.4297757,버스택시과,70404,울산광역시 동구
동울산우체국,35.51113188,129.4298613,버스택시과,70403,울산광역시 동구
동울산우체국,35.51162475,129.43055,버스택시과,24225,울산광역시 동구
동원 로얄듀크2차,35.56215121,129.2935621,버스택시과,11422,울산광역시 중구
동원 로얄듀크2차,35.56231613,129.2936054,버스택시과,11423,울산광역시 중구
"동원1차,에일린3차",35.56346137,129.3040885,버스운영과,11436,울산광역시 중구
"동원1차,에일린3차",35.5636245,129.3040394,버스택시과,11437,울산광역시 중구
동원로얄정문,35.56028323,129.2944136,버스택시과,30965,울산광역시 중구
동원로얄정문,35.5606296,129.2956531,버스택시과,30966,울산광역시 중구
동원아파트앞,35.43966546,129.3059687,버스택시과,77702,울산광역시 울주군
동원아파트앞,35.44032291,129.3076617,버스택시과,22301,울산광역시 울주군
동원아파트앞,35.43908297,129.3062136,버스택시과,77701,울산광역시 울주군
동원아파트입구,35.44102115,129.3047685,버스택시과,77704,울산광역시 울주군
동원아파트입구,35.44076746,129.3047207,버스택시과,77705,울산광역시 울주군
"동일2차,동양산우성 입구",35.37163082,129.1491347,교통과,30644,양산시
"동일2차,동양산우성 입구",35.37112006,129.1486464,교통과,30571,양산시
동지마을,35.48723842,129.2835346,버스택시과,24615,울산광역시 울주군
동지마을,35.48732416,129.2836515,버스택시과,24616,울산광역시 울주군
동진성끝,35.48220843,129.4317186,버스택시과,61110,울산광역시 동구
동진성끝,35.48223638,129.4315302,버스택시과,61109,울산광역시 동구
동진수협,35.4849413,129.4296029,버스택시과,61108,울산광역시 동구
동진수협,35.48504398,129.4296524,버스택시과,61107,울산광역시 동구
동천야외물놀이장,35.5674125,129.3509056,버스택시과,62807,울산광역시 중구
동천야외물놀이장,35.56746579,129.3512338,버스택시과,62808,울산광역시 중구
동천탕,35.4931965,129.4207716,버스택시과,70808,울산광역시 동구
동천탕,35.49313643,129.4208485,버스택시과,70807,울산광역시 동구
동편,35.73533237,129.0589876,교통행정과,3066,경주시
동편,35.73538645,129.0592136,교통행정과,3065,경주시
동평교회,35.53049428,129.3274478,버스택시과,23407,울산광역시 남구
동평중학교,35.53362293,129.3242498,버스택시과,12103,울산광역시 남구
동평중학교,35.53368946,129.3243744,버스택시과,12104,울산광역시 남구
동호그린코아,35.61836346,129.0718136,버스택시과,30247,울산광역시 울주군
동호그린코아,35.61847075,129.0715877,버스택시과,30246,울산광역시 울주군
동호아파트앞,35.41238693,129.2803563,버스택시과,31521,울산광역시 울주군
동호아파트앞,35.4123882,129.2806403,버스택시과,31522,울산광역시 울주군
두강팔레스,35.58269526,129.3446045,버스택시과,72604,울산광역시 중구
두광중학교,35.65639347,129.1690079,버스택시과,30314,울산광역시 울주군
두광중학교,35.65625881,129.1686507,버스택시과,30313,울산광역시 울주군
두구동입구,35.29765332,129.1030121,버스운영과,30591,부산광역시
두동농공단지,35.70445182,129.2066105,버스택시과,15206,울산광역시 울주군
두동농공단지,35.70439444,129.2064932,버스택시과,15205,울산광역시 울주군
두동대밀,35.66020709,129.2015926,버스택시과,15230,울산광역시 울주군
두동대밀,35.66023251,129.2014299,버스택시과,15229,울산광역시 울주군
두동면행정복지센터,35.65451898,129.2012752,버스택시과,20711,울산광역시 울주군
두동면행정복지센터,35.65465986,129.2012594,버스택시과,20712,울산광역시 울주군
두동양지,35.65144863,129.2202033,버스택시과,15232,울산광역시 울주군
두동양지,35.64944489,129.2164408,버스택시과,15231,울산광역시 울주군
두동입구,35.65302792,129.1665687,버스택시과,15291,울산광역시 울주군
두동입구,35.65169703,129.1652979,버스택시과,15293,울산광역시 울주군
두동입구,35.65197132,129.1657594,버스택시과,15294,울산광역시 울주군
두레마을,35.55314251,129.2636129,버스택시과,65303,울산광역시 울주군
두레마을,35.55331428,129.2637027,버스택시과,65304,울산광역시 울주군
두서농공단지,35.66806197,129.1742599,버스택시과,30307,울산광역시 울주군
두서농공단지,35.66820078,129.1745002,버스택시과,30308,울산광역시 울주군
두서면행정복지센터,35.64543851,129.1609069,버스택시과,30366,울산광역시 울주군
두서면행정복지센터,35.64561249,129.1604017,버스택시과,30369,울산광역시 울주군
두서면행정복지센터,35.64656746,129.1617308,버스택시과,30365,울산광역시 울주군
두실지하철역,35.25833894,129.0915686,버스운영과,57146,부산광역시
두실지하철역,35.25843507,129.0912252,버스운영과,57141,부산광역시
두왕다리,35.4978917,129.3060838,버스택시과,40103,울산광역시 남구
두왕다리,35.49833743,129.3065411,버스택시과,40104,울산광역시 남구
두왕사거리,35.50575212,129.3089357,버스택시과,31314,울산광역시 남구
두왕사거리,35.50210644,129.3082749,버스택시과,40101,울산광역시 울주군
두왕초등학교,35.51440447,129.2936353,버스택시과,15932,울산광역시 울주군
두왕초등학교,35.51414895,129.2935208,버스택시과,15933,울산광역시 울주군
두현공영주차장,35.52602048,129.2513679,버스택시과,15844,울산광역시 울주군
두현공영주차장,35.52590469,129.251778,버스택시과,15845,울산광역시 울주군
두현교앞,35.52298606,129.2624259,버스택시과,15807,울산광역시 울주군
두현교앞,35.52357334,129.2622219,버스택시과,15808,울산광역시 울주군
두현마을,35.52628385,129.259926,버스택시과,15843,울산광역시 울주군
두현마을,35.52642054,129.2598444,버스택시과,15842,울산광역시 울주군
두현회관앞,35.52693228,129.2601103,버스택시과,15805,울산광역시 울주군
두현회관앞,35.52676774,129.2604157,버스택시과,15806,울산광역시 울주군
둔치임시주차장,35.55096955,129.2889122,버스택시과,21225,울산광역시 중구
둔치임시주차장,35.55107528,129.2890112,버스택시과,21226,울산광역시 중구
뒷농골,35.62658294,129.263811,버스택시과,15271,울산광역시 울주군
뒷농골,35.62674109,129.2638295,버스택시과,15272,울산광역시 울주군
듀퐁앞,35.49533109,129.376196,버스택시과,23534,울산광역시 남구
듀퐁앞,35.495433,129.376111,버스택시과,23533,울산광역시 남구
드림마트,35.50066434,129.4191533,버스택시과,70602,울산광역시 동구
드림마트,35.50060429,129.4192948,버스택시과,70601,울산광역시 동구
들꽃학습원,35.59094474,129.2692573,버스택시과,21329,울산광역시 울주군
들꽃학습원,35.59037915,129.2712987,버스택시과,21330,울산광역시 울주군
들꽃학습원앞,35.59259965,129.2697928,버스택시과,21336,울산광역시 울주군
등억,35.5558289,129.0869873,버스택시과,15330,울산광역시 울주군
등억,35.55607203,129.0866823,버스택시과,15329,울산광역시 울주군
등억삼거리,35.55633616,129.0837861,버스택시과,15320,울산광역시 울주군
등억삼거리,35.55645225,129.0837829,버스택시과,15319,울산광역시 울주군
디아채,35.65454494,129.3511457,버스택시과,71404,울산광역시 북구
디아채,35.65462519,129.351179,버스택시과,71401,울산광역시 북구
라이온스앞,35.57368945,129.3184084,버스택시과,62402,울산광역시 중구
라이온스앞,35.57355424,129.3183804,버스택시과,62403,울산광역시 중구
래미안,35.56658746,129.3382587,버스택시과,73102,울산광역시 중구
래미안,35.5672031,129.3374346,버스택시과,73101,울산광역시 중구
래미안2단지,35.56926688,129.3362064,버스택시과,73106,울산광역시 중구
래미안2단지,35.56965662,129.3361712,버스택시과,73105,울산광역시 중구
럭키아파트앞,35.4103474,129.2813495,버스택시과,25401,울산광역시 울주군
럭키아파트앞,35.41045449,129.2815717,버스택시과,25402,울산광역시 울주군
롯데마트,35.23916902,129.0927024,버스운영과,57172,부산광역시
롯데마트,35.23875225,129.0922076,버스운영과,57161,부산광역시
롯데마트,35.53456159,129.3170427,버스택시과,40407,울산광역시 남구
롯데마트,35.5336866,129.3167411,버스택시과,64201,울산광역시 남구
롯데마트,35.53471109,129.3162966,버스택시과,40408,울산광역시 남구
롯데마트앞,35.53318795,129.3166013,버스택시과,74801,울산광역시 남구
롯데마트진장점,35.57589958,129.3567231,버스택시과,14817,울산광역시 북구
롯데마트진장점,35.57567072,129.3564213,버스택시과,14816,울산광역시 북구
롯데백화점1,35.21280164,129.0796726,버스운영과,58083,부산광역시
롯데백화점후문,35.53791018,129.3378434,버스택시과,40887,울산광역시 남구
롯데인베스,35.530858,129.2973181,버스택시과,75501,울산광역시 남구
롯데인벤스,35.53088992,129.2971558,버스택시과,40920,울산광역시 남구
롯데인벤스앞,35.53064014,129.3308219,버스택시과,40532,울산광역시 남구
롯데인벤스앞,35.52987897,129.3302973,버스택시과,40531,울산광역시 남구
롯데정밀화학,35.52836018,129.3556258,버스택시과,24005,울산광역시 남구
롯데캐슬,35.54831877,129.2543733,버스택시과,76302,울산광역시 남구
롯데캐슬,35.52145585,129.3170651,버스택시과,23808,울산광역시 남구
롯데캐슬,35.52126434,129.3171733,버스택시과,23807,울산광역시 남구
롯데캐슬,35.54854173,129.2541851,버스택시과,76301,울산광역시 남구
롯데캐슬 삼거리,35.52224557,129.3191716,버스택시과,22904,울산광역시 남구
롯데캐슬 삼거리,35.52233555,129.3189483,버스택시과,22903,울산광역시 남구
루첸아파트,35.53176087,129.3152252,버스택시과,31117,울산광역시 남구
루첸아파트,35.53140258,129.3156544,버스택시과,31118,울산광역시 남구
리한,35.64381689,129.365343,버스택시과,25510,울산광역시 북구
리한,35.64366796,129.3652962,버스택시과,25509,울산광역시 북구
마근마을,35.37743257,129.2850502,버스택시과,77303,울산광역시 울주군
마근마을,35.37754616,129.2851776,버스택시과,77304,울산광역시 울주군
마근마을회관,35.37728566,129.2796668,버스택시과,77306,울산광역시 울주군
마동,35.63886107,129.3622882,버스택시과,14114,울산광역시 북구
마동,35.63870316,129.3621276,버스택시과,14115,울산광역시 북구
마디정형외과,35.49318827,129.4263022,버스택시과,61010,울산광역시 동구
마디정형외과,35.49321397,129.4260033,버스택시과,61009,울산광역시 동구
마산,35.53776076,129.1216112,버스택시과,30163,울산광역시 울주군
마산,35.53751946,129.1217537,버스택시과,30162,울산광역시 울주군
마산1길입구,35.53841088,129.1186054,버스택시과,30164,울산광역시 울주군
마산1길입구,35.53858029,129.1189483,버스택시과,30165,울산광역시 울주군
마산입구,35.54010025,129.1095374,버스택시과,66506,울산광역시 울주군
마산입구,35.54010283,129.1101655,버스택시과,30118,울산광역시 울주군
마산입구,35.54030612,129.1101344,버스택시과,66502,울산광역시 울주군
마산입구,35.53978575,129.1098157,버스택시과,30117,울산광역시 울주군
마산입구,35.53956261,129.1098085,버스택시과,30120,울산광역시 울주군
마산입구,35.54019851,129.109576,버스택시과,66507,울산광역시 울주군
마애사앞,35.5776935,129.4383657,버스택시과,61307,울산광역시 북구
마애사앞,35.57785291,129.4382579,버스택시과,61308,울산광역시 북구
막곡,35.36497237,129.2991068,버스택시과,77413,울산광역시 울주군
막곡,35.3647987,129.2991247,버스택시과,77412,울산광역시 울주군
만남의광장,35.55041281,129.298186,버스택시과,21222,울산광역시 중구
만남의광장,35.55025773,129.2981984,버스택시과,21221,울산광역시 중구
만주곡,35.50995318,129.275727,버스택시과,15815,울산광역시 울주군
만주곡,35.5101335,129.2756199,버스택시과,15816,울산광역시 울주군
말미,35.57595742,129.2658756,버스택시과,21103,울산광역시 중구
말미,35.5756801,129.2660713,버스택시과,21104,울산광역시 중구
망성,35.58985176,129.2311093,버스택시과,20736,울산광역시 울주군
망성,35.58923383,129.2309183,버스택시과,20735,울산광역시 울주군
망성교,35.58624282,129.231071,버스택시과,20738,울산광역시 울주군
망성교,35.58624289,129.2309331,버스택시과,20737,울산광역시 울주군
망양마을,35.44998621,129.2952364,버스택시과,22322,울산광역시 울주군
망양마을,35.45012131,129.2953608,버스택시과,22323,울산광역시 울주군
망양역,35.45638937,129.2884741,버스택시과,31500,울산광역시 울주군
망양역,35.45536985,129.2895208,버스택시과,31508,울산광역시 울주군
망양역,35.45490226,129.2890304,버스택시과,31507,울산광역시 울주군
망향동산앞,35.65063796,129.1787452,버스택시과,20704,울산광역시 울주군
망향동산앞,35.65046188,129.1790191,버스택시과,20703,울산광역시 울주군
매곡,35.63933703,129.3636602,버스택시과,14107,울산광역시 북구
매곡,35.63938738,129.3635345,버스택시과,14108,울산광역시 북구
매곡,35.63970552,129.360227,버스택시과,14105,울산광역시 북구
매곡,35.63985536,129.3618899,버스택시과,14110,울산광역시 북구
매곡119안전센터,35.6482032,129.3591636,버스택시과,61402,울산광역시 북구
매곡119안전센터,35.64994377,129.3594933,버스택시과,61403,울산광역시 북구
매곡119안전센터,35.64963508,129.3580677,버스택시과,61401,울산광역시 북구
"매곡에일린의뜰1,2차",35.6363013,129.3633057,버스택시과,14111,울산광역시 북구
"매곡에일린의뜰1,2차",35.63703568,129.3635909,버스택시과,14112,울산광역시 북구
매곡중학교,35.64509825,129.3497297,버스택시과,61501,울산광역시 북구
매곡중학교,35.64544532,129.3493516,버스택시과,61502,울산광역시 북구
매곡푸르지오1차,35.64595865,129.3525689,버스택시과,71422,울산광역시 북구
매곡푸르지오1차,35.64573957,129.3527273,버스택시과,71421,울산광역시 북구
매곡푸르지오아파트,35.64344991,129.3527902,버스택시과,25526,울산광역시 북구
매곡푸르지오아파트,35.64393142,129.3524965,버스택시과,25525,울산광역시 북구
매곡현대아파트,35.64261259,129.3545096,버스택시과,25520,울산광역시 북구
매곡현대아파트,35.64269834,129.3548475,버스택시과,25519,울산광역시 북구
매곡휴먼시아,35.64335454,129.3508445,버스택시과,25530,울산광역시 북구
매곡휴먼시아,35.64345618,129.3506223,버스택시과,25529,울산광역시 북구
먹거리단지,35.55314657,129.2828579,버스택시과,21227,울산광역시 중구
먹거리단지,35.55328545,129.2829293,버스택시과,21228,울산광역시 중구
먹골,35.62579169,129.2864929,버스택시과,21314,울산광역시 울주군
먹골,35.62539887,129.2862751,버스택시과,21313,울산광역시 울주군
메가마트,35.54771107,129.1152159,버스택시과,30109,울산광역시 울주군
메가마트,35.54753263,129.1153685,버스택시과,30110,울산광역시 울주군
메가마트,35.54280956,129.1123255,버스택시과,30116,울산광역시 울주군
메가마트,35.56128385,129.3553885,버스택시과,61202,울산광역시 북구
메가마트,35.56199053,129.3574675,버스택시과,70906,울산광역시 북구
메가마트,35.56266597,129.35714,버스택시과,70905,울산광역시 북구
메아리학교,35.66521703,129.3394643,버스택시과,40310,울산광역시 북구
메아리학교,35.6651625,129.3392449,버스택시과,40309,울산광역시 북구
메이퀸컨벤션,35.48686256,129.4135031,버스택시과,70522,울산광역시 동구
메이퀸컨벤션,35.48670565,129.4134311,버스택시과,70521,울산광역시 동구
면허시험장,35.57806251,129.1002767,버스택시과,30228,울산광역시 울주군
면허시험장,35.57759664,129.1008882,버스택시과,30227,울산광역시 울주군
명덕중학교 앞,35.50276924,129.4246916,버스택시과,26901,울산광역시 동구
명덕중학교 앞,35.50286686,129.4248777,버스택시과,26902,울산광역시 동구
명동,35.59073361,129.1063247,버스택시과,15353,울산광역시 울주군
명동,35.59067585,129.1061836,버스택시과,15354,울산광역시 울주군
명동마을,35.39976551,129.1628189,교통과,30553,양산시
명동마을,35.39878442,129.1626788,교통과,30554,양산시
명동마을,35.51082613,129.3299645,버스택시과,40351,울산광역시 남구
명동마을,35.51055334,129.3303786,버스택시과,40352,울산광역시 남구
명동마을입구,35.5098941,129.3281997,버스택시과,40359,울산광역시 남구
명륜동지하철역,35.21260351,129.0795005,버스운영과,58084,부산광역시
명륜역,35.21352709,129.0796917,버스운영과,58087,부산광역시
명봉마을,35.43555144,129.3135457,버스택시과,77727,울산광역시 울주군
명봉마을,35.43543623,129.3136801,버스택시과,77728,울산광역시 울주군
명산초등학교,35.35148798,129.2953217,버스택시과,77403,울산광역시 울주군
명산초등학교,35.35118334,129.2953871,버스택시과,77404,울산광역시 울주군
명촌동,35.55775563,129.3570042,버스택시과,14806,울산광역시 북구
명촌동,35.55755882,129.3567636,버스택시과,14805,울산광역시 북구
명촌동입구,35.56086668,129.3586316,버스택시과,30641,울산광역시 북구
명촌마을,35.57115194,129.0843271,버스택시과,15316,울산광역시 울주군
명촌마을,35.57117312,129.0844754,버스택시과,15359,울산광역시 울주군
명촌마을 회관 앞,35.57121534,129.084118,버스택시과,15398,울산광역시 울주군
명촌차고지(기점),35.55236195,129.3605786,버스택시과,40344,울산광역시 북구
명촌차고지(종점),35.55245413,129.360804,버스택시과,40343,울산광역시 북구
모듈화산업단지입구,35.57793861,129.3743822,버스택시과,26335,울산광역시 북구
모듈화산업단지입구,35.57772491,129.3743097,버스택시과,26336,울산광역시 북구
모래골,35.56522173,129.0853633,버스택시과,15318,울산광역시 울주군
모래골,35.56380212,129.0846167,버스택시과,15317,울산광역시 울주군
모래불,35.39877591,129.0565818,교통과,59194,양산시
모래불,35.39884706,129.0568943,교통과,59195,양산시
모화,35.68244216,129.3317264,교통행정과,40301,경주시
모화(종점),35.68249705,129.3316981,교통행정과,40302,경주시
모화초등학교,35.67772012,129.3340706,교통행정과,40304,경주시
모화초등학교,35.67790168,129.3335657,교통행정과,40303,경주시
목련아파트앞,35.5394004,129.300934,버스택시과,64101,울산광역시 남구
목련아파트앞,35.53973112,129.300561,버스택시과,64102,울산광역시 남구
목살골목,35.55711824,129.3159684,버스택시과,63113,울산광역시 중구
목살골목,35.55724865,129.3159433,버스택시과,63114,울산광역시 중구
목살골목입구,35.55603119,129.3162788,버스택시과,21004,울산광역시 중구
목살골목입구,35.55579433,129.3160377,버스택시과,21003,울산광역시 중구
목살골목입구,35.55606947,129.3167254,버스택시과,66703,울산광역시 중구
목화맨션앞,35.54446207,129.42581,버스택시과,27303,울산광역시 동구
목화맨션앞,35.54448331,129.4259747,버스택시과,27304,울산광역시 동구
목화아파트,35.50836454,129.3108531,버스택시과,75404,울산광역시 남구
목화아파트,35.50837739,129.3112281,버스택시과,75403,울산광역시 남구
목화예식장앞,35.5378938,129.3307046,버스택시과,40415,울산광역시 남구
못안,35.68351936,129.2260437,버스택시과,15221,울산광역시 울주군
못안,35.68347282,129.226184,버스택시과,15222,울산광역시 울주군
못안입구,35.58265407,129.0992149,버스택시과,15352,울산광역시 울주군
못안입구,35.58250288,129.0992127,버스택시과,15351,울산광역시 울주군
무거동행정복지센터앞,35.55086176,129.2603303,버스택시과,75802,울산광역시 남구
무거동행정복지센터앞,35.55089079,129.2605119,버스택시과,75801,울산광역시 남구
무거시장,35.54844725,129.2593496,버스택시과,65408,울산광역시 남구
무거시장,35.54841063,129.2596718,버스택시과,65407,울산광역시 남구
무거실버복지관,35.53540385,129.2535946,버스택시과,30490,울산광역시 울주군
"무거중,고등학교",35.53657338,129.2517185,버스택시과,65604,울산광역시 남구
무거중고교,35.53755309,129.2523324,버스택시과,76502,울산광역시 남구
무거초등학교,35.55290465,129.2542141,버스택시과,65117,울산광역시 남구
무거초등학교,35.55293379,129.2541162,버스택시과,65118,울산광역시 남구
무거한라아파트,35.5513108,129.2583831,버스택시과,65107,울산광역시 남구
무거현대,35.54786791,129.2546965,버스택시과,76303,울산광역시 남구
무거현대,35.5481136,129.2549275,버스택시과,76304,울산광역시 남구
무궁화아파트,35.42759138,129.3119323,버스택시과,22311,울산광역시 울주군
무궁화아파트,35.42741869,129.3118103,버스택시과,22312,울산광역시 울주군
무동,35.56448562,129.1940838,버스택시과,30433,울산광역시 울주군
무동,35.56337162,129.1901107,버스택시과,30434,울산광역시 울주군
무룡고개,35.58063217,129.3998823,버스택시과,26329,울산광역시 북구
무룡고개,35.58082484,129.4003126,버스택시과,26330,울산광역시 북구
무룡고등학교앞,35.58632876,129.3591693,버스택시과,40330,울산광역시 북구
무룡고등학교앞,35.58470554,129.3591065,버스택시과,40329,울산광역시 북구
무림피앤피사원주택,35.42560105,129.3117936,버스택시과,77737,울산광역시 울주군
문수경기장,35.53806858,129.2600919,버스택시과,40618,울산광역시 남구
문수경기장,35.53748518,129.259273,버스택시과,40617,울산광역시 남구
문수경기장,35.53425145,129.2572321,버스택시과,12704,울산광역시 남구
문수경기장,35.53365837,129.2568754,버스택시과,12701,울산광역시 울주군
문수경기장입구,35.5360291,129.2536479,버스택시과,30713,울산광역시 남구
문수고등학교,35.55536578,129.2659339,버스택시과,76002,울산광역시 남구
문수국제양궁장,35.53043069,129.2686977,버스택시과,22406,울산광역시 남구
"문수데시앙1,2단지",35.52614985,129.2424505,버스택시과,65009,울산광역시 남구
"문수데시앙1,2단지",35.52605943,129.2422783,버스택시과,65010,울산광역시 남구
문수데시앙3단지,35.52588749,129.2437112,버스택시과,65008,울산광역시 남구
문수데시앙3단지,35.52579159,129.2435563,버스택시과,65007,울산광역시 남구
문수로2차아이파크,35.53670843,129.3032963,버스택시과,12411,울산광역시 남구
문수로2차아이파크,35.53662619,129.3031203,버스택시과,74602,울산광역시 남구
문수로2차아이파크1단지,35.5358194,129.3023073,버스택시과,12416,울산광역시 남구
문수로아이파크,35.53778303,129.2972985,버스택시과,40936,울산광역시 남구
문수비스타동원앞,35.54926616,129.2737355,버스택시과,22606,울산광역시 남구
문수비스타동원앞,35.54892,129.2745897,버스택시과,22605,울산광역시 남구
문수비스타동원입구,35.5497402,129.2729883,버스택시과,12203,울산광역시 남구
문수비스타동원입구,35.54993676,129.2733616,버스택시과,12204,울산광역시 남구
문수산더샵정문,35.55129231,129.2515384,버스택시과,65115,울산광역시 남구
문수산더샵정문,35.55134517,129.2517231,버스택시과,65114,울산광역시 남구
문수산더샵후문,35.55006455,129.251909,버스택시과,76402,울산광역시 남구
문수산더샵후문,35.5501587,129.251772,버스택시과,76403,울산광역시 남구
문수실버복지관,35.53559285,129.2509547,버스택시과,65601,울산광역시 남구
문수실버복지관,35.53469835,129.2518083,버스택시과,0,울산광역시 울주군
문수실버복지관,35.53490015,129.2515703,버스택시과,30597,울산광역시 남구
문수중학교,35.53922481,129.2573655,버스택시과,65001,울산광역시 남구
문수중학교,35.53881694,129.2570228,버스택시과,65002,울산광역시 남구
문수초등학교앞,35.5198788,129.2422679,버스택시과,30509,울산광역시 울주군
문수초등학교앞,35.51981177,129.2424851,버스택시과,30510,울산광역시 울주군
문수초등학교정문,35.51845079,129.2408142,버스택시과,65023,울산광역시 남구
문수펠리스후문,35.54967443,129.2559647,버스택시과,65403,울산광역시 남구
문수펠리스후문,35.54958864,129.2562035,버스택시과,65404,울산광역시 남구
문재사거리,35.48727077,129.418311,버스택시과,24241,울산광역시 동구
문재사거리,35.48657628,129.4184946,버스택시과,26705,울산광역시 동구
문재사거리,35.48709528,129.4186056,버스택시과,24242,울산광역시 동구
문현고등학교,35.48235482,129.410328,버스택시과,70515,울산광역시 동구
문현고등학교,35.48238164,129.4102033,버스택시과,70516,울산광역시 동구
문현관앞,35.48739125,129.4167156,버스택시과,24244,울산광역시 동구
문현시장,35.48497602,129.417241,버스택시과,70526,울산광역시 동구
문현시장,35.48486325,129.4172483,버스택시과,70525,울산광역시 동구
문화공원앞,35.54197762,129.3278529,버스택시과,31007,울산광역시 남구
문화공원앞,35.54220282,129.3277395,버스택시과,31008,울산광역시 남구
문화예술회관,35.54312858,129.3253431,버스택시과,40521,울산광역시 남구
문화예술회관앞,35.54262561,129.3260843,버스택시과,40526,울산광역시 남구
문화의거리,35.55606101,129.3211014,버스택시과,66812,울산광역시 중구
문화촌입구,35.67045473,129.2276633,버스택시과,15365,울산광역시 울주군
문화촌입구,35.6706278,129.2278194,버스택시과,15366,울산광역시 울주군
물먹는골,35.58678575,129.4118249,버스택시과,26364,울산광역시 북구
물먹는골,35.58661169,129.4111539,버스택시과,26365,울산광역시 북구
미소지움아파트,35.53135605,129.3205804,버스택시과,64302,울산광역시 남구
미소지움아파트,35.53114234,129.3206029,버스택시과,64301,울산광역시 남구
미소지움입구,35.53086433,129.3182368,버스택시과,74803,울산광역시 남구
미소지움입구,35.53068509,129.3183032,버스택시과,74804,울산광역시 남구
미연,35.55945377,129.1842821,버스택시과,30430,울산광역시 울주군
미연,35.558953,129.1839233,버스택시과,30429,울산광역시 울주군
미포해양개발앞,35.49598441,129.4078595,버스택시과,24245,울산광역시 동구
미호,35.67417946,129.1768682,버스택시과,30305,울산광역시 울주군
미호입구(하동),35.67434632,129.1769359,버스택시과,30306,울산광역시 울주군
미호중동,35.67918043,129.1720983,버스택시과,30447,울산광역시 울주군
미호중동,35.67934738,129.1721072,버스택시과,30448,울산광역시 울주군
바깥시례,35.59583358,129.3389312,버스택시과,11404,울산광역시 중구
바깥시례,35.59624195,129.3398384,버스택시과,11403,울산광역시 중구
바다펜션앞,35.35434726,129.3486342,버스택시과,23342,울산광역시 울주군
바다펜션앞,35.35448117,129.3485831,버스택시과,23343,울산광역시 울주군
박상진4로,35.59990493,129.3627787,버스택시과,40366,울산광역시 북구
박상진의사송정역사공원,35.60256359,129.3608267,버스택시과,40383,울산광역시 북구
박상진의사송정역사공원,35.60270008,129.3610205,버스택시과,40360,울산광역시 북구
박제상유적지,35.65381966,129.230024,버스택시과,15237,울산광역시 울주군
박제상유적지,35.65396289,129.2301964,버스택시과,15238,울산광역시 울주군
박제상유적지입구,35.64758815,129.2093712,버스택시과,15298,울산광역시 울주군
박제상유적지입구,35.64749405,129.2092602,버스택시과,15297,울산광역시 울주군
반계,35.44949369,129.1601662,버스택시과,41288,울산광역시 울주군
반계,35.44958452,129.1601686,버스택시과,41287,울산광역시 울주군
반계입구,35.44823845,129.1628059,버스택시과,41289,울산광역시 울주군
반계입구,35.44832088,129.1629152,버스택시과,41290,울산광역시 울주군
반곡초등학교,35.60275323,129.1399626,버스택시과,30333,울산광역시 울주군
반곡초등학교,35.60299988,129.1404279,버스택시과,30334,울산광역시 울주군
반구1동행정복지센터앞,35.55632186,129.3410334,버스택시과,31707,울산광역시 중구
반구1동행정복지센터앞,35.55645335,129.341255,버스택시과,31708,울산광역시 중구
반구대입구,35.61405701,129.1476028,버스택시과,30326,울산광역시 울주군
반구대입구,35.61390573,129.1472826,버스택시과,30325,울산광역시 울주군
반도유보라,35.60355489,129.3677448,버스택시과,40385,울산광역시 북구
반도유보라정문,35.60112396,129.3657301,버스택시과,40375,울산광역시 북구
반도유보라정문,35.60153066,129.3658729,버스택시과,40374,울산광역시 북구
반석아파트,35.50748146,129.4280979,버스택시과,70505,울산광역시 동구
반석아파트,35.50746965,129.4279871,버스택시과,70506,울산광역시 동구
반송,35.55017819,129.1701166,버스택시과,30421,울산광역시 울주군
반송,35.5502914,129.1700852,버스택시과,30422,울산광역시 울주군
반송교차로,35.5510258,129.1817791,버스택시과,30464,울산광역시 남구
반송교차로,35.55091664,129.1816793,버스택시과,30463,울산광역시 울주군
반용종점,35.63301566,129.2576139,버스택시과,15262,울산광역시 울주군
반용종점,35.63309122,129.2574428,버스택시과,15260,울산광역시 울주군
반용회관,35.62113622,129.2685192,버스택시과,15251,울산광역시 울주군
반용회관,35.62108406,129.2687195,버스택시과,15252,울산광역시 울주군
반정마을,35.49998563,129.2417748,버스택시과,24608,울산광역시 울주군
반정마을,35.49986586,129.2417154,버스택시과,24607,울산광역시 울주군
반정삼거리,35.49199786,129.2292877,버스택시과,24629,울산광역시 울주군
반정삼거리,35.49068951,129.2293838,버스택시과,24630,울산광역시 울주군
반천,35.55425553,129.1784833,버스택시과,30425,울산광역시 울주군
반천,35.55415926,129.1781224,버스택시과,30426,울산광역시 울주군
반천마을,35.5533488,129.1786778,버스택시과,30461,울산광역시 울주군
반천마을,35.55330906,129.1789455,버스택시과,30462,울산광역시 울주군
반천산업단지입구,35.54927764,129.1609241,버스택시과,30450,울산광역시 울주군
반천산업단지입구,35.54936192,129.1604731,버스택시과,30449,울산광역시 울주군
반천초등학교,35.55636198,129.181323,버스택시과,30428,울산광역시 울주군
반천초등학교,35.55670877,129.1819615,버스택시과,30427,울산광역시 울주군
반천현대아파트,35.55892478,129.1899969,버스택시과,30435,울산광역시 울주군
반천현대아파트,35.55954123,129.1894469,버스택시과,30458,울산광역시 울주군
반천현대아파트입구,35.56283653,129.1873613,버스택시과,30432,울산광역시 울주군
반천현대아파트입구,35.56263999,129.1869029,버스택시과,30431,울산광역시 울주군
밤골마을,35.64059114,129.2280584,버스택시과,15338,울산광역시 울주군
밤골마을,35.64060052,129.2279119,버스택시과,15337,울산광역시 울주군
방기,35.50528103,129.0896029,교통과,5067,양산시
방기,35.50542291,129.089565,버스택시과,30140,울산광역시 울주군
방기,35.50563454,129.0903704,버스택시과,30139,울산광역시 울주군
방기농협,35.50656017,129.0877146,버스택시과,66302,울산광역시 울주군
방기농협,35.50645685,129.0876628,버스택시과,66301,울산광역시 울주군
방기초등학교,35.50698788,129.0921933,버스택시과,30137,울산광역시 울주군
방기초등학교,35.50683636,129.0922709,버스택시과,30138,울산광역시 울주군
방말,35.63075562,129.1576867,버스택시과,30321,울산광역시 울주군
방말,35.63129949,129.158126,버스택시과,30322,울산광역시 울주군
방송대 후문,35.57936153,129.3143165,버스택시과,62201,울산광역시 중구
방송대 후문,35.57951679,129.3142672,버스택시과,62202,울산광역시 중구
방아다리마을,35.62067845,129.2860336,버스택시과,21315,울산광역시 울주군
방아다리마을,35.62019707,129.2859989,버스택시과,21316,울산광역시 울주군
방어동 행정복지센터,35.48559473,129.4231908,버스택시과,25008,울산광역시 동구
방어동 행정복지센터,35.48593284,129.4243791,버스택시과,25007,울산광역시 동구
방어동행정복지센터,35.48599208,129.424244,버스택시과,25014,울산광역시 동구
방어진고등학교,35.50347515,129.4240159,버스택시과,60807,울산광역시 동구
방어진고등학교,35.50322322,129.4241984,버스택시과,60808,울산광역시 동구
방어진농협,35.48498381,129.4244481,버스택시과,61104,울산광역시 동구
방어진농협,35.48519365,129.4245618,버스택시과,61103,울산광역시 동구
방어진성당,35.49178199,129.4204956,버스택시과,70805,울산광역시 동구
방어진성당사거리,35.49213146,129.4204813,버스택시과,70806,울산광역시 동구
방어진시외버스터미널,35.4857926,129.4262372,버스택시과,61115,울산광역시 동구
방어진시외버스터미널,35.48576833,129.4264425,버스택시과,61116,울산광역시 동구
방어진시외터미널,35.48680576,129.4261629,버스택시과,61105,울산광역시 동구
방어진시장,35.4843441,129.4234795,버스택시과,61101,울산광역시 동구
방어진시장,35.48426916,129.4236007,버스택시과,61102,울산광역시 동구
방어진우체국,35.48708996,129.4211159,버스택시과,70538,울산광역시 동구
방어진제일교회,35.48607229,129.4218421,버스택시과,70809,울산광역시 동구
방어진제일교회,35.48604895,129.4216942,버스택시과,70810,울산광역시 동구
방어진제일교회,35.48626036,129.4213909,버스택시과,70530,울산광역시 동구
방어진제일교회,35.48613688,129.4213757,버스택시과,70529,울산광역시 동구
방어진중학교,35.50389252,129.418705,버스택시과,60804,울산광역시 동구
방어진중학교,35.50411087,129.418764,버스택시과,60803,울산광역시 동구
방어진초등학교,35.48786879,129.425855,버스택시과,25009,울산광역시 동구
방어진초등학교,35.48739516,129.4254578,버스택시과,25010,울산광역시 동구
방어진터미널,35.48670203,129.4261108,버스택시과,61106,울산광역시 동구
밭외,35.69677782,129.1169385,버스운영과,31826,울산광역시 울주군
배내입구,35.59560943,129.0315976,버스택시과,30254,울산광역시 울주군
배내입구,35.59524682,129.0314461,버스택시과,30253,울산광역시 울주군
배내정상,35.57923062,129.0281453,버스택시과,30275,울산광역시 울주군
배내정상,35.57921988,129.0280076,버스택시과,30274,울산광역시 울주군
백골부대성역지,35.43467206,129.3243631,버스택시과,31607,울산광역시 울주군
백골부대성역지,35.43467792,129.3236387,버스택시과,31608,울산광역시 울주군
백동마을(가상),35.39940786,129.1626806,교통과,0,양산시
백련마을,35.52553648,129.0089195,교통과,30285,양산시
백록새동네,35.47319777,129.0861249,교통과,59260,양산시
백록새동네,35.47357018,129.0860767,교통과,59259,양산시
백양사,35.5742986,129.3121451,버스택시과,11806,울산광역시 중구
백양사,35.57412667,129.3122554,버스택시과,11805,울산광역시 중구
백양초등학교,35.5764893,129.3173436,버스택시과,23902,울산광역시 중구
백양초등학교,35.57674,129.3173095,버스택시과,23901,울산광역시 중구
백천마을,35.55965219,129.2514968,버스택시과,40218,울산광역시 울주군
"백천마을,울산상업고등학교",35.55877294,129.2529995,버스택시과,40219,울산광역시 울주군
버덩길,35.60619984,129.3122457,버스택시과,14529,울산광역시 북구
버덩길,35.60630477,129.3123558,버스택시과,14530,울산광역시 북구
번덕마을,35.50149907,129.4289678,버스택시과,24232,울산광역시 동구
번덕마을,35.50000017,129.4283629,버스택시과,24231,울산광역시 동구
번영교입구,35.55442584,129.3237293,버스택시과,40519,울산광역시 중구
번영로두산위브,35.52962863,129.3287032,버스택시과,64310,울산광역시 남구
번영로두산위브,35.52884916,129.3302761,버스택시과,40533,울산광역시 남구
번영로두산위브,35.52952278,129.3287776,버스택시과,64309,울산광역시 남구
번영로입구,35.5557057,129.3240426,버스택시과,66807,울산광역시 중구
번영로입구(종점),35.55567525,129.3239716,버스택시과,66808,울산광역시 중구
번영로코아루,35.53990018,129.3267058,버스택시과,40527,울산광역시 남구
번영사거리,35.53939287,129.3274568,버스택시과,40528,울산광역시 남구
번영사거리,35.53705147,129.3265944,버스택시과,40413,울산광역시 남구
번영사거리,35.5372014,129.3258467,버스택시과,40414,울산광역시 남구
벌방,35.43877797,129.2270537,버스택시과,16000,울산광역시 울주군
벌방,35.43868789,129.2272962,버스택시과,16001,울산광역시 울주군
벌장,35.54598488,129.1141635,버스택시과,30113,울산광역시 울주군
벌장,35.54591062,129.1143458,버스택시과,30114,울산광역시 울주군
벌장마을,35.54528273,129.1170578,버스택시과,30160,울산광역시 울주군
벌장마을회관,35.54545096,129.1171072,버스택시과,30161,울산광역시 울주군
범곡,35.71823996,129.0548311,교통행정과,2058,경주시
범곡,35.7182327,129.0546789,교통행정과,2059,경주시
범서읍행정복지센터,35.56871983,129.2309499,버스택시과,40211,울산광역시 울주군
범서읍행정복지센터,35.56878464,129.2310547,교통과,40212,울산광역시 울주군
범서중리,35.59771456,129.2334423,버스택시과,20733,울산광역시 울주군
범서중리,35.59756263,129.2335934,버스택시과,20734,울산광역시 울주군
범서중학교앞,35.5683983,129.2438043,버스택시과,20411,울산광역시 울주군
범서중학교앞,35.56871955,129.2438518,버스택시과,20412,울산광역시 울주군
범서초등학교앞,35.56372674,129.2318139,버스택시과,20809,울산광역시 울주군
범서초등학교앞,35.56394679,129.2320455,버스택시과,20810,울산광역시 울주군
범서파출소,35.57182112,129.2439295,버스택시과,20418,울산광역시 울주군
범서파출소,35.5716826,129.2439284,버스택시과,20417,울산광역시 울주군
범어사역,35.27412556,129.0924551,버스운영과,57167,부산광역시
범어사역,35.27494019,129.0928174,버스운영과,57173,부산광역시
법원,35.53856259,129.286156,버스택시과,63711,울산광역시 남구
법원,35.53855326,129.2860058,버스택시과,63710,울산광역시 남구
법원,35.53547359,129.2888794,버스택시과,40606,울산광역시 남구
법원,35.53514764,129.288882,버스택시과,40605,울산광역시 남구
법조타운삼거리,35.53753658,129.2835583,버스택시과,63713,울산광역시 남구
베데스다병원,35.35414967,129.043551,교통과,4836,양산시
베데스다병원,35.35398158,129.0432521,교통과,4870,양산시
벽산블루밍,35.63729572,129.3289389,버스택시과,14213,울산광역시 북구
벽산블루밍,35.63701381,129.3286645,버스택시과,14214,울산광역시 북구
벽산아파트,35.50727167,129.42138,버스택시과,60601,울산광역시 동구
벽산아파트,35.54625311,129.3408922,버스택시과,63306,울산광역시 남구
벽산아파트,35.53957956,129.2525472,버스택시과,76506,울산광역시 남구
벽산아파트,35.5394098,129.2523534,버스택시과,76508,울산광역시 남구
벽산아파트,35.54613675,129.3408225,버스택시과,63303,울산광역시 남구
벽산아파트,35.50720854,129.4209756,버스택시과,60602,울산광역시 동구
벽산아파트앞,35.58260672,129.3648307,버스택시과,25704,울산광역시 북구
벽산아파트앞,35.58234155,129.3639938,버스택시과,25703,울산광역시 북구
벽산아파트입구,35.54703766,129.3402093,버스택시과,73902,울산광역시 남구
벽산유토피아,35.54663432,129.4253242,버스택시과,27302,울산광역시 동구
벽산유토피아,35.54636839,129.4251471,버스택시과,27301,울산광역시 동구
변전소,35.51790484,129.3410298,버스택시과,23502,울산광역시 남구
변전소,35.51789051,129.3407513,버스택시과,23501,울산광역시 남구
병영1동행정복지센터,35.56951235,129.3465758,버스택시과,40503,울산광역시 중구
병영2동행정복지센터,35.57923749,129.3465237,버스택시과,72705,울산광역시 중구
병영2동행정복지센터,35.57908072,129.346365,버스택시과,72706,울산광역시 중구
병영사거리,35.56908002,129.3447199,버스택시과,72710,울산광역시 중구
병영사거리,35.56878908,129.3454389,버스택시과,40506,울산광역시 중구
병영사거리,35.56891542,129.3445303,버스택시과,40505,울산광역시 중구
병영성,35.57680175,129.3462861,버스택시과,24902,울산광역시 중구
병영성,35.57672612,129.3461134,버스택시과,24901,울산광역시 중구
병영시장,35.57035946,129.3460138,버스택시과,72707,울산광역시 중구
병영시장,35.57033002,129.3461839,버스택시과,72708,울산광역시 중구
병영초등학교입구,35.57421946,129.3460183,버스택시과,24904,울산광역시 중구
병영초등학교입구,35.57448842,129.345914,버스택시과,24903,울산광역시 중구
보건환경연구원,35.5385921,129.270913,버스택시과,40620,울산광역시 남구
"보광고,하나로마트",35.49277932,129.0871909,교통과,59270,양산시
보광사,35.50853774,129.0833804,버스택시과,66411,울산광역시 울주군
보광사,35.50856468,129.0834748,버스택시과,66413,울산광역시 울주군
"보광중,고중학교",35.49095118,129.0867352,교통과,59432,양산시
보광중.고등학교,35.49183221,129.0869845,교통과,77006,양산시
보광중.고등학교,35.49185643,129.0868437,교통과,77005,양산시
보람병원입구,35.5415778,129.3391734,버스택시과,31713,울산광역시 남구
보람병원입구,35.54169993,129.3396124,버스택시과,31714,울산광역시 남구
보림마을,35.62111899,129.1242081,버스택시과,15127,울산광역시 울주군
보림마을,35.62112134,129.1243386,버스택시과,15126,울산광역시 울주군
보삼마을,35.4794621,129.1317761,버스택시과,24383,울산광역시 울주군
보삼마을,35.47944833,129.1319183,버스택시과,24382,울산광역시 울주군
보은,35.50939767,129.143449,버스택시과,24416,울산광역시 울주군
보은,35.50928133,129.1434685,버스택시과,24415,울산광역시 울주군
보현사입구,35.52027963,129.3256985,버스택시과,64021,울산광역시 남구
보현사입구,35.52013703,129.325731,버스택시과,64022,울산광역시 남구
복골마을,35.58229571,129.4299181,버스택시과,61311,울산광역시 북구
복골마을,35.58226244,129.4300534,버스택시과,61312,울산광역시 북구
복산동행정복지센터앞,35.56315863,129.3258185,버스택시과,30915,울산광역시 중구
복산동행정복지센터앞,35.56243751,129.327116,버스택시과,73502,울산광역시 중구
복산동행정복지센터앞,35.56271235,129.3251337,버스택시과,30916,울산광역시 중구
복산성당앞,35.55848198,129.3289798,버스택시과,11501,울산광역시 중구
복산성당앞,35.55864225,129.3286282,버스택시과,11502,울산광역시 중구
복산아이파크,35.56347348,129.3294631,버스택시과,73404,울산광역시 중구
복산초등학교,35.55918027,129.3232618,버스택시과,77204,울산광역시 중구
복성마을,35.60823234,129.4560285,버스택시과,27906,울산광역시 북구
복성마을,35.6081988,129.4557898,버스택시과,27905,울산광역시 북구
복합웰컴센터,35.55540854,129.0697315,버스택시과,15373,울산광역시 울주군
볼보트럭울산사업소,35.46660106,129.3380434,교통과,15895,울산광역시 울주군
볼보트럭울산사업소,35.46669304,129.3381545,버스택시과,15898,울산광역시 울주군
봉계시장,35.7138569,129.197825,버스택시과,15200,울산광역시 울주군
봉계시장,35.71379903,129.1974782,버스택시과,15202,울산광역시 울주군
봉계시장,35.7136783,129.1977317,버스택시과,15201,울산광역시 울주군
봉계시장(기점),35.71515629,129.2004846,버스택시과,15131,울산광역시 울주군
봉계시장(종점),35.71510292,129.200693,버스택시과,15130,울산광역시 울주군
봉대산공원입구,35.55351281,129.4547548,버스택시과,27711,울산광역시 동구
봉대산공원입구,35.55345986,129.4549976,버스택시과,27712,울산광역시 동구
봉우아파트,35.38791577,129.1422436,교통과,30654,양산시
봉우아파트,35.38782473,129.1420804,교통과,30653,양산시
봉월초등학교,35.70135132,129.2076236,버스택시과,15207,울산광역시 울주군
봉월초등학교,35.70136132,129.2077699,버스택시과,15208,울산광역시 울주군
부곡동,35.50055151,129.3406399,버스택시과,23508,울산광역시 남구
부두노조앞,35.50733828,129.3842763,버스택시과,31415,울산광역시 남구
부두노조앞,35.50807542,129.3841356,버스택시과,31416,울산광역시 남구
부산대학교,35.22864704,129.090845,버스운영과,57134,부산광역시
부산대학교,35.22858581,129.0903873,버스운영과,57129,부산광역시
부산은행,35.55773449,129.1195576,버스택시과,66604,울산광역시 울주군
부산은행,35.55770574,129.1187502,버스택시과,66603,울산광역시 울주군
부영1단지,35.67300245,129.3311242,교통행정과,4246,경주시
부영1단지하차,35.67291027,129.3314638,교통행정과,4249,경주시
부영2단지,35.6727257,129.3311079,교통행정과,4247,경주시
부일맨션,35.53920301,129.1049127,버스택시과,66516,울산광역시 울주군
부일맨션,35.53908125,129.1049843,버스택시과,66515,울산광역시 울주군
부일맨션,35.53878235,129.1057507,버스택시과,30146,울산광역시 울주군
부일맨션,35.53885784,129.1056582,교통행정과,30145,울산광역시 울주군
부전기도원,35.45329924,129.1791727,버스택시과,65901,울산광역시 울주군
부전기도원,35.45305291,129.1792598,교통행정과,65902,울산광역시 울주군
부탕골,35.50055276,129.2033515,교통행정과,24437,울산광역시 울주군
부탕골,35.50075121,129.2033106,버스택시과,24438,울산광역시 울주군
북각골입구,35.69368699,129.1203477,버스택시과,31832,울산광역시 울주군
북구청남문,35.58065879,129.3613424,버스택시과,26342,울산광역시 북구
북구청남문,35.58087701,129.3613571,버스택시과,26341,울산광역시 북구
북구청앞,35.58248293,129.3599058,버스택시과,40332,울산광역시 북구
북구청앞,35.58267618,129.3594932,버스택시과,40331,울산광역시 북구
북부마을,35.41994955,129.1765099,교통과,30540,양산시
북부마을,35.41946306,129.1760023,버스택시과,41226,울산광역시 울주군
북부마을,35.41948343,129.1758315,교통과,30539,양산시
북부마을(가상),35.42010954,129.1767907,교통과,0,양산시
북부소방서,35.60674024,129.3688227,버스택시과,40378,울산광역시 북구
북부소방서,35.60698159,129.3686919,버스택시과,40389,울산광역시 북구
북부시장,35.35018321,129.0405618,교통과,59142,양산시
북울산역(기점),35.61441219,129.3717582,버스택시과,40396,울산광역시 북구
북울산역(종점),35.61409509,129.3721677,버스택시과,40397,울산광역시 북구
북울산역앞,35.61391303,129.3710866,버스택시과,30665,울산광역시 북구
북울산역앞,35.61418529,129.3714594,버스택시과,30664,울산광역시 북구
북울산전화국앞,35.56385053,129.3420843,버스택시과,24701,울산광역시 중구
북울산전화국앞,35.56542034,129.3424448,버스택시과,24702,울산광역시 중구
북정공단,35.3649205,129.0427769,교통과,59152,양산시
북정공단,35.36458278,129.0422393,교통과,4872,양산시
북정성원네오파트,35.35990903,129.0403641,교통과,4871,양산시
북정성원네오파트,35.36014359,129.0408404,교통과,4835,양산시
북정아파트앞,35.56252835,129.322555,버스택시과,30917,울산광역시 중구
북정아파트앞,35.56225288,129.322666,버스택시과,30918,울산광역시 중구
북정자,35.6212841,129.446071,버스택시과,26313,울산광역시 북구
북정자,35.62102812,129.4464674,버스택시과,26314,울산광역시 북구
북정초등학교,35.3609595,129.0425975,교통과,59149,양산시
북정초등학교,35.36120571,129.0424391,교통과,59148,양산시
붉은밭골,35.62255432,129.2673784,버스택시과,15275,울산광역시 울주군
붉은밭골,35.62266499,129.2674251,버스택시과,15264,울산광역시 울주군
비조,35.64694151,129.2329296,버스택시과,15241,울산광역시 울주군
비조,35.64673222,129.2322332,버스택시과,15242,울산광역시 울주군
비치타운앞,35.48052758,129.4148395,버스택시과,25004,울산광역시 동구
사광,35.57382409,129.0842428,버스택시과,15313,울산광역시 울주군
사광,35.57380612,129.0843726,버스택시과,15314,울산광역시 울주군
사배마을,35.3060963,129.0791609,교통과,59257,양산시
사송못뚝,35.30118031,129.077738,교통과,59253,양산시
사송못뚝,35.30132383,129.0782144,교통과,59254,양산시
사연,35.57235358,129.202854,버스택시과,40204,울산광역시 울주군
사연,35.57243642,129.2027741,버스택시과,40228,울산광역시 울주군
사연,35.57199401,129.2023183,버스택시과,40203,울산광역시 울주군
사일,35.5776846,129.2154471,버스택시과,20746,울산광역시 울주군
사일,35.57754518,129.2155563,버스택시과,20745,울산광역시 울주군
사촌,35.5207877,129.1568265,버스택시과,24421,울산광역시 울주군
사촌,35.52081554,129.156722,버스택시과,24422,울산광역시 울주군
산내정류소,35.75765314,129.0453988,교통행정과,3099,경주시
산내정류소,35.75731411,129.0453952,교통행정과,3098,경주시
산내초등학교,35.75390973,129.0464674,교통행정과,3101,경주시
산내초등학교,35.7539838,129.046596,교통행정과,3100,경주시
산돌교회,35.50142278,129.4189561,버스택시과,70604,울산광역시 동구
산돌교회,35.50139374,129.4188496,버스택시과,70603,울산광역시 동구
산록회관,35.51476832,129.4224756,버스택시과,70301,울산광역시 동구
산록회관,35.51476756,129.4222514,버스택시과,70302,울산광역시 동구
산성마을,35.42841214,129.3288088,버스택시과,15861,울산광역시 울주군
산성마을,35.42822824,129.3292804,버스택시과,15862,울산광역시 울주군
산업은행앞,35.53745386,129.3058205,버스택시과,22506,울산광역시 남구
산업은행앞,35.53742382,129.3055491,버스택시과,22505,울산광역시 남구
산음,35.62420113,129.4433981,버스택시과,26312,울산광역시 북구
산음,35.62466622,129.4428211,버스택시과,26311,울산광역시 북구
산자골,35.35603789,129.3462989,버스택시과,23318,울산광역시 울주군
산자골,35.3562291,129.3471035,버스택시과,23317,울산광역시 울주군
산전교앞,35.57770245,129.3499393,버스택시과,11303,울산광역시 중구
산전교앞,35.57794531,129.3499497,버스택시과,11304,울산광역시 중구
산전마을,35.57442735,129.3505253,버스택시과,11306,울산광역시 중구
산전마을,35.57442417,129.3503997,버스택시과,11305,울산광역시 중구
산하,35.62870573,129.4411473,버스택시과,26344,울산광역시 북구
산하,35.62886357,129.4408778,버스택시과,26343,울산광역시 북구
산하사거리,35.62395439,129.4406814,버스택시과,26359,울산광역시 북구
산하사거리,35.62348899,129.4387563,버스택시과,26360,울산광역시 북구
산하중앙사거리,35.63608409,129.4387992,버스택시과,26378,울산광역시 북구
산하중앙사거리,35.63625099,129.4387983,버스택시과,26379,울산광역시 북구
산학융합지구캠퍼스,35.51300126,129.295894,버스택시과,22418,울산광역시 남구
산학융합지구캠퍼스,35.51348905,129.2974113,버스택시과,22417,울산광역시 남구
산현,35.48924485,129.1781311,버스택시과,15742,울산광역시 울주군
산현,35.48918547,129.1782344,버스택시과,15743,울산광역시 울주군
살티,35.61209166,129.0409186,버스택시과,30251,울산광역시 울주군
살티,35.61225489,129.0408713,버스택시과,30252,울산광역시 울주군
삼기산업,35.50308269,129.3012704,버스택시과,15942,울산광역시 울주군
삼기산업,35.50320121,129.3009992,버스택시과,15943,울산광역시 울주군
삼남신화,35.53838228,129.1259058,버스택시과,15417,울산광역시 울주군
삼남신화,35.53826087,129.125979,버스택시과,15418,울산광역시 울주군
삼남읍행정복지센터,35.54176234,129.1074895,버스택시과,66509,울산광역시 울주군
삼남읍행정복지센터,35.54162903,129.1074104,버스택시과,66508,울산광역시 울주군
삼남중학교,35.52395502,129.0976489,버스택시과,30132,울산광역시 울주군
삼남중학교,35.52375183,129.0970734,버스택시과,30131,울산광역시 울주군
삼동면민운동장,35.50354436,129.1316852,버스택시과,24411,울산광역시 울주군
삼동면민운동장,35.50365509,129.1317096,버스택시과,24412,울산광역시 울주군
삼동면주민센터,35.521076,129.1564172,버스택시과,24423,울산광역시 울주군
삼동면주민센터,35.52100841,129.1563323,버스택시과,24424,울산광역시 울주군
삼동초등학교,35.52342098,129.1581321,버스택시과,24426,울산광역시 울주군
삼동초등학교,35.52371102,129.1584664,버스택시과,24425,울산광역시 울주군
삼산본동사거리,35.54246448,129.3478592,버스택시과,25107,울산광역시 남구
삼산본동사거리,35.54241237,129.3481636,버스택시과,25108,울산광역시 남구
삼산선경아파트앞,35.54384939,129.3342813,버스택시과,31011,울산광역시 남구
삼산선경아파트앞,35.54404846,129.3340638,버스택시과,31012,울산광역시 남구
삼산현대아파트앞,35.5470559,129.3314586,버스택시과,22811,울산광역시 남구
삼산현대아파트앞,35.54720742,129.3318139,버스택시과,22812,울산광역시 남구
삼성SDI,35.51228998,129.0957661,버스택시과,30136,울산광역시 울주군
삼성SDI,35.51196848,129.0954566,버스택시과,30135,울산광역시 울주군
삼성교회,35.50755019,129.0856816,버스택시과,66410,울산광역시 울주군
삼성교회,35.50765454,129.0857125,버스택시과,66409,울산광역시 울주군
삼성서비스 센터,35.35623306,129.0426711,교통과,59150,양산시
삼성아파트,35.56693951,129.1118607,버스택시과,20104,울산광역시 울주군
삼성아파트,35.56784244,129.1124403,버스택시과,20101,울산광역시 울주군
삼성아파트,35.56783294,129.112633,버스택시과,20102,울산광역시 울주군
삼성자동차학원,35.53367381,129.3367288,버스택시과,74311,울산광역시 남구
삼성자동차학원,35.53383461,129.3370919,버스택시과,74301,울산광역시 남구
삼성자동차학원,35.53374909,129.3368832,버스택시과,74313,울산광역시 남구
삼아아파트,35.50814155,129.0844014,버스택시과,66407,울산광역시 울주군
삼아아파트,35.50823134,129.0844437,버스택시과,66408,울산광역시 울주군
삼양사,35.51029027,129.3744042,버스택시과,31411,울산광역시 남구
삼양사,35.51122357,129.3724924,버스택시과,31412,울산광역시 남구
삼용마을,35.41823181,129.1745669,교통과,59395,양산시
삼익세라믹,35.51554335,129.3169482,버스택시과,75302,울산광역시 남구
삼익세라믹,35.51515428,129.3170549,버스택시과,75301,울산광역시 남구
삼익세라믹앞,35.57771603,129.3413684,버스택시과,30905,울산광역시 중구
삼익세라믹앞,35.57718253,129.3415434,버스택시과,30906,울산광역시 중구
삼일고앞,35.51612031,129.3163075,버스택시과,12407,울산광역시 남구
삼일고앞,35.5163845,129.3164065,버스택시과,12406,울산광역시 남구
삼일고입구,35.51947475,129.311211,버스택시과,31307,울산광역시 남구
삼일고입구,35.51959066,129.3116916,버스택시과,31308,울산광역시 남구
삼일아파트,35.56833016,129.346206,버스택시과,72802,울산광역시 중구
삼일아파트앞,35.56803866,129.346056,버스택시과,72801,울산광역시 중구
삼일여고앞,35.51624844,129.316105,버스택시과,12405,울산광역시 남구
삼일초등학교앞,35.58050603,129.3446622,버스택시과,30904,울산광역시 중구
삼일초등학교앞,35.5804139,129.3434298,버스택시과,30903,울산광역시 중구
삼정암,35.69424704,129.1258986,버스택시과,31834,울산광역시 울주군
삼정초등학교,35.49206878,129.2329554,버스택시과,24627,울산광역시 울주군
삼정초등학교,35.49218095,129.2338683,버스택시과,24628,울산광역시 울주군
삼주기업앞,35.57652198,129.3661217,버스택시과,26338,울산광역시 북구
삼주기업앞,35.57670333,129.3663998,버스택시과,26337,울산광역시 북구
삼진아파트,35.61836517,129.0736921,버스택시과,30279,울산광역시 울주군
삼진아파트,35.61812031,129.0738559,버스택시과,30278,울산광역시 울주군
삼창농원,35.68087439,129.0507352,교통행정과,3107,경주시
삼창농원,35.6808662,129.0505912,교통행정과,3106,경주시
삼평마을,35.40563882,129.3234757,버스택시과,67226,울산광역시 울주군
삼평마을,35.40554471,129.3234404,버스택시과,67225,울산광역시 울주군
삼평초등학교,35.40564592,129.3224924,버스택시과,67223,울산광역시 울주군
삼평초등학교,35.40574978,129.3226201,버스택시과,67224,울산광역시 울주군
삼호,35.551931,129.2743811,버스택시과,12201,울산광역시 남구
삼호,35.55173038,129.2745077,버스택시과,12202,울산광역시 남구
삼호교,35.55532503,129.2778451,버스택시과,21202,울산광역시 중구
삼호교,35.55504884,129.2781917,버스택시과,21201,울산광역시 중구
삼호시영아파트,35.54937019,129.2722083,버스택시과,22603,울산광역시 남구
삼호시영아파트,35.54977364,129.2698993,버스택시과,22604,울산광역시 남구
삼호중학교앞,35.54984576,129.266066,버스택시과,22602,울산광역시 남구
삼호중학교앞,35.5496373,129.2674491,버스택시과,22601,울산광역시 남구
삼호지하차도,35.55396123,129.2673608,버스택시과,40225,울산광역시 남구
삼호지하차도,35.55350176,129.2690295,버스택시과,40226,울산광역시 남구
삼호철새공원,35.55102444,129.2779282,버스택시과,22006,울산광역시 남구
삼호철새공원,35.55136639,129.2766546,버스택시과,22003,울산광역시 남구
삼호철새마을,35.54738939,129.2788762,버스택시과,22607,울산광역시 남구
삼호철새마을,35.54776982,129.2783815,버스택시과,22608,울산광역시 남구
삼환나우빌,35.56482079,129.3522358,버스택시과,62810,울산광역시 중구
삼환나우빌,35.56438527,129.3520439,버스택시과,62809,울산광역시 중구
삽재,35.63216283,129.0550422,버스택시과,30243,울산광역시 울주군
삽재,35.63218391,129.0551841,버스택시과,30244,울산광역시 울주군
상개동,35.5051227,129.3180603,버스택시과,40356,울산광역시 남구
상개동,35.50541313,129.3179005,버스택시과,40355,울산광역시 남구
상개동크로바아파트앞,35.50749439,129.3088043,버스택시과,31312,울산광역시 남구
상개동크로바아파트앞,35.50657509,129.3085291,버스택시과,31311,울산광역시 남구
상공회의소,35.53866827,129.3152258,버스택시과,31001,울산광역시 남구
상공회의소앞,35.53905374,129.3157838,버스택시과,31002,울산광역시 남구
상남,35.48474284,129.3085044,버스택시과,40136,울산광역시 울주군
상남,35.48427153,129.3081844,버스택시과,40135,울산광역시 울주군
상남골드클래스,35.48385284,129.3046348,버스택시과,67104,울산광역시 울주군
상남골드클래스,35.48403118,129.3046151,버스택시과,67103,울산광역시 울주군
상대마을,35.39834451,129.2509167,버스택시과,77804,울산광역시 울주군
상대마을,35.43917218,129.1920494,버스택시과,30527,울산광역시 울주군
상대마을,35.43835603,129.1917655,버스택시과,30528,울산광역시 울주군
상대마을,35.3985613,129.2509178,버스택시과,77803,울산광역시 울주군
상동,35.62399412,129.2659415,버스택시과,15266,울산광역시 울주군
상동,35.62409592,129.2657375,버스택시과,15273,울산광역시 울주군
상동고개,35.67577595,129.1659208,버스택시과,30443,울산광역시 울주군
상동고개,35.67573457,129.1658018,버스택시과,30444,울산광역시 울주군
상동회관,35.68587786,129.1632034,버스택시과,30445,울산광역시 울주군
상동회관,35.68600898,129.1632523,버스택시과,30446,울산광역시 울주군
상방경로당,35.51060691,129.0805147,버스택시과,66404,울산광역시 울주군
상방경로당,35.51058683,129.0805262,버스택시과,66403,울산광역시 울주군
상방마을,35.58111242,129.3658904,버스택시과,14702,울산광역시 북구
상방마을,35.58089253,129.3655059,버스택시과,14701,울산광역시 북구
상방마을,35.5113223,129.0790006,버스택시과,66401,울산광역시 울주군
상북농공단지,35.61124406,129.0747765,버스택시과,30214,울산광역시 울주군
상북농공단지,35.61093114,129.0748495,버스택시과,30213,울산광역시 울주군
상북면사무소,35.41863418,129.063387,교통과,59227,양산시
상북면사무소,35.41938547,129.0642094,교통과,59228,양산시
상북면행정복지센터,35.59103227,129.0892443,버스택시과,30219,울산광역시 울주군
상북면행정복지센터,35.59033695,129.0914998,버스택시과,15385,울산광역시 울주군
상북면행정복지센터,35.59113345,129.0893323,버스택시과,30220,울산광역시 울주군
상북면행정복지센터,35.59018793,129.091535,버스택시과,15380,울산광역시 울주군
상북중학교,35.58274613,129.098866,버스택시과,30226,울산광역시 울주군
상북중학교,35.58212255,129.0989063,버스택시과,30225,울산광역시 울주군
상북초등학교,35.41512715,129.0605332,교통과,59211,양산시
상북초등학교,35.41500035,129.0606615,교통과,59210,양산시
상선필,35.66370355,129.1246962,버스택시과,30392,울산광역시 울주군
상선필,35.66389888,129.1245313,버스택시과,30391,울산광역시 울주군
상신기,35.35512009,129.0438781,교통과,59157,양산시
상신기마을,35.3553349,129.0437308,교통과,59158,양산시
상안마을,35.62169386,129.3374266,버스택시과,14602,울산광역시 북구
상안마을,35.62136327,129.3373776,버스택시과,71801,울산광역시 북구
상안마을,35.62143538,129.3372712,버스택시과,71802,울산광역시 북구
상안중학교,35.62769652,129.3297862,버스택시과,14402,울산광역시 북구
상안중학교,35.62740388,129.3297912,버스택시과,14401,울산광역시 북구
상안초등학교,35.63352995,129.334711,버스택시과,20214,울산광역시 북구
상안초등학교,35.63283793,129.3350857,버스택시과,20213,울산광역시 북구
상안초등학교앞,35.63451977,129.3349658,버스택시과,20210,울산광역시 북구
상연암,35.5781734,129.3764941,버스택시과,26333,울산광역시 북구
상연암,35.57799355,129.3769436,버스택시과,26334,울산광역시 북구
상월평,35.68857415,129.2246433,버스택시과,15218,울산광역시 울주군
상월평,35.6884478,129.2246755,버스택시과,15217,울산광역시 울주군
상월평입구,35.68896187,129.2216354,버스택시과,15216,울산광역시 울주군
상월평입구,35.68876628,129.2218315,버스택시과,15215,울산광역시 울주군
상작,35.51648289,129.1845954,버스택시과,24434,울산광역시 울주군
상작,35.51610684,129.1846974,버스택시과,24433,울산광역시 울주군
상정마을,35.49562695,129.258091,버스택시과,24609,울산광역시 울주군
상정마을,35.49575191,129.2580317,버스택시과,24610,울산광역시 울주군
상정마을회관앞,35.4943033,129.2662492,버스택시과,24612,울산광역시 울주군
상정마을회관앞,35.49418778,129.2664371,버스택시과,24611,울산광역시 울주군
상차리,35.63972132,129.117785,버스택시과,15102,울산광역시 울주군
상차리,35.63966315,129.1176335,버스택시과,15101,울산광역시 울주군
상천마을,35.51861911,129.1067332,버스택시과,31622,울산광역시 울주군
상천마을,35.51848423,129.1064356,버스택시과,31623,울산광역시 울주군
상천마을회관,35.51966706,129.1067525,버스택시과,31619,울산광역시 울주군
상천마을회관,35.51988484,129.1067638,버스택시과,31620,울산광역시 울주군
상출강,35.50563867,129.1591958,버스택시과,24455,울산광역시 울주군
상평마을,35.56227357,129.1218301,버스택시과,30102,울산광역시 울주군
상평마을,35.56215979,129.1216396,버스택시과,30101,울산광역시 울주군
상회마을,35.40697216,129.3174324,버스택시과,67219,울산광역시 울주군
상회마을,35.40707806,129.3173606,버스택시과,67220,울산광역시 울주군
상회입구,35.40747089,129.3124937,버스택시과,67216,울산광역시 울주군
상회입구,35.40735402,129.3125566,버스택시과,67215,울산광역시 울주군
상회회관,35.40725433,129.3152495,버스택시과,67218,울산광역시 울주군
상회회관,35.40717847,129.3151358,버스택시과,67217,울산광역시 울주군
새각단,35.43672608,129.2445449,버스택시과,15910,울산광역시 울주군
새각단,35.43654089,129.2446912,버스택시과,15909,울산광역시 울주군
새검단,35.45609454,129.1893411,버스택시과,15734,울산광역시 울주군
새검단,35.45622301,129.1894065,버스택시과,65906,울산광역시 울주군
새말,35.61120188,129.1241595,버스택시과,15124,울산광역시 울주군
새말,35.61107624,129.1240514,버스택시과,15123,울산광역시 울주군
새밭등,35.60667005,129.2801233,버스택시과,21322,울산광역시 울주군
새밭등,35.60681679,129.2799583,버스택시과,21321,울산광역시 울주군
새웅상요양병원,35.41065715,129.1667716,교통과,30547,양산시
새웅상요양병원,35.41089347,129.1670969,교통과,30548,양산시
새진흥아파트,35.54014484,129.1065906,버스택시과,66513,울산광역시 울주군
새진흥아파트,35.54026437,129.1065527,버스택시과,66514,울산광역시 울주군
새창골,35.66849695,129.082645,버스택시과,15376,울산광역시 울주군
새창골,35.66863923,129.0826091,버스택시과,15377,울산광역시 울주군
새터삼거리,35.51975078,129.3404526,버스택시과,31218,울산광역시 남구
새터삼거리,35.51960306,129.3405387,버스택시과,31217,울산광역시 남구
샛터,35.61559128,129.3381631,버스택시과,14408,울산광역시 북구
샛터,35.61540105,129.3381869,버스택시과,14407,울산광역시 북구
생동,35.4321508,129.1783042,버스택시과,76804,울산광역시 울주군
생동,35.43211335,129.1781555,버스택시과,76803,울산광역시 울주군
생활과학고등학교,35.50346559,129.4221603,버스택시과,13409,울산광역시 동구
생활과학고등학교,35.50375666,129.4216844,버스택시과,13410,울산광역시 동구
서강파크앞,35.53826949,129.2887099,버스택시과,12607,울산광역시 남구
서강파크앞,35.53844122,129.2885473,버스택시과,12608,울산광역시 남구
서광아파트입구,35.51405558,129.3096333,버스택시과,31310,울산광역시 남구
서광아파트입구,35.51491126,129.3094284,버스택시과,31309,울산광역시 남구
서남구수협,35.48756363,129.4214167,버스택시과,24240,울산광역시 동구
서남구수협,35.4878159,129.4216152,버스택시과,24239,울산광역시 동구
서동시장,35.58083876,129.3470304,버스택시과,30901,울산광역시 중구
서동시장,35.58054669,129.3473175,버스택시과,30902,울산광역시 중구
서동현대,35.58301984,129.3469678,버스택시과,11405,울산광역시 중구
서동현대,35.58353934,129.3469719,버스택시과,11406,울산광역시 중구
서리,35.46439881,129.1646061,버스택시과,41284,울산광역시 울주군
서리,35.46442076,129.1644885,버스택시과,41295,울산광역시 울주군
서부노인복지관,35.55651968,129.112876,버스택시과,15437,울산광역시 울주군
서부노인복지관,35.55658917,129.1130239,버스택시과,15438,울산광역시 울주군
서부성원상떼빌동문,35.52464397,129.4285639,버스택시과,60206,울산광역시 동구
서부성원상떼빌동문,35.52468149,129.4284208,버스택시과,60205,울산광역시 동구
서부성원상떼빌북문,35.5262901,129.4264735,버스택시과,60203,울산광역시 동구
서부성원상떼빌북문,35.52610908,129.4264019,버스택시과,60204,울산광역시 동구
서부패밀리 아파트,35.52884851,129.4329805,버스택시과,24215,울산광역시 동구
서부패밀리 아파트,35.52793333,129.433302,버스택시과,24216,울산광역시 동구
서부패밀리110동,35.52740644,129.4316628,버스택시과,60210,울산광역시 동구
서부패밀리110동,35.52757559,129.4317643,버스택시과,60211,울산광역시 동구
서사시티프라디움,35.59314928,129.2746898,버스택시과,21332,울산광역시 울주군
서생교,35.39245805,129.3322315,버스택시과,23301,울산광역시 울주군
서생교,35.39208036,129.3330607,버스택시과,23302,울산광역시 울주군
서생교량,35.34423785,129.3039313,버스택시과,15958,울산광역시 울주군
서생교량,35.34429921,129.3039619,버스택시과,15957,울산광역시 울주군
서생농협,35.34812072,129.3232945,버스택시과,15949,울산광역시 울주군
서생농협,35.34803314,129.3233643,버스택시과,15950,울산광역시 울주군
서생농협구동지점,35.34616132,129.2948674,버스택시과,15961,울산광역시 울주군
서생농협구동지점,35.34608076,129.2947821,버스택시과,15962,울산광역시 울주군
서생면행정복지센터입구,35.34964964,129.3251978,버스택시과,23326,울산광역시 울주군
서생면행정복지센터입구,35.34958376,129.3250119,버스택시과,23325,울산광역시 울주군
서생역,35.3455751,129.2931625,버스택시과,15973,울산광역시 울주군
서생역,35.34639636,129.2944698,버스택시과,77503,울산광역시 울주군
서생역,35.34555349,129.2933516,버스택시과,15974,울산광역시 울주군
서생역,35.34610926,129.2944045,버스택시과,77504,울산광역시 울주군
서생역앞,35.34462543,129.2931252,버스택시과,15976,울산광역시 울주군
서생역앞,35.34487759,129.2929998,버스택시과,15975,울산광역시 울주군
서생중학교,35.35074593,129.3294515,버스택시과,23323,울산광역시 울주군
서생중학교,35.35129617,129.3304156,버스택시과,23324,울산광역시 울주군
서생포왜성앞,35.38660456,129.3380502,버스택시과,23305,울산광역시 울주군
서생포왜성앞,35.38672813,129.3380693,버스택시과,23306,울산광역시 울주군
서울산보람병원,35.55928466,129.1209842,버스택시과,30103,울산광역시 울주군
서울산보람병원,35.5599357,129.1217097,버스택시과,30104,울산광역시 울주군
서울산보람병원,35.56088011,129.121326,버스택시과,30143,울산광역시 울주군
서울산보람병원,35.5610547,129.1210117,버스택시과,30144,울산광역시 울주군
서울산새마을금고,35.54939181,129.2578727,버스택시과,65405,울산광역시 남구
서울산새마을금고,35.54949621,129.2574704,버스택시과,65406,울산광역시 남구
서이동,35.33934999,129.031523,교통과,4425,양산시
서이동,35.33952948,129.0314573,교통과,4424,양산시
서중회관,35.46282187,129.2027285,버스택시과,15702,울산광역시 울주군
서중회관,35.46292275,129.2026322,버스택시과,15701,울산광역시 울주군
서중회관앞,35.46280096,129.2026984,버스택시과,65701,울산광역시 울주군
서중회관앞,35.46288126,129.2025945,버스택시과,65702,울산광역시 울주군
서창동행정복지센터,35.4169661,129.1734902,교통과,30542,양산시
서창동행정복지센터,35.41598286,129.1723133,교통과,76903,양산시
서창동행정복지센터,35.4154449,129.1717176,교통과,30541,양산시
서창동행정복지센터,35.41623709,129.1728022,교통과,76904,양산시
서창동행정복지센터,35.41591886,129.1725042,교통과,59388,양산시
서편,35.72847077,129.0581418,교통행정과,3124,경주시
서편,35.72852837,129.058316,교통행정과,3123,경주시
서하,35.63872259,129.1582143,버스택시과,30318,울산광역시 울주군
서하,35.63864761,129.1580393,버스택시과,30317,울산광역시 울주군
석계정류장,35.41451329,129.0635325,교통과,4725,양산시
석계정류장,35.41474024,129.0631166,교통과,4726,양산시
석계한성아파트,35.42163477,129.0646529,교통과,59230,양산시
석계한성아파트,35.42200305,129.0651987,교통과,59233,양산시
석남사,35.61782694,129.0394276,버스택시과,30201,울산광역시 울주군
석남사,35.61774519,129.0393944,버스택시과,30202,울산광역시 울주군
석남유치원,35.56226923,129.1159998,버스택시과,66601,울산광역시 울주군
석유화학공단입구,35.50964244,129.3344185,버스택시과,40350,울산광역시 남구
석유화학단지입구,35.4984662,129.3395036,버스택시과,23510,울산광역시 남구
석유화학단지입구,35.49981159,129.340019,버스택시과,23509,울산광역시 남구
석천마을,35.4706068,129.234813,버스택시과,15728,울산광역시 울주군
석천마을,35.47048161,129.2347963,버스택시과,15727,울산광역시 울주군
석천입구,35.47037219,129.2325539,버스택시과,15746,울산광역시 울주군
석천입구,35.47016719,129.2325538,버스택시과,15747,울산광역시 울주군
선거관리위원회,35.55548744,129.3322482,버스택시과,24707,울산광역시 중구
선거관리위원회,35.55530208,129.3320757,버스택시과,24708,울산광역시 중구
선바위,35.58118537,129.2351153,버스택시과,20739,울산광역시 울주군
선바위,35.58096213,129.2352852,버스택시과,20740,울산광역시 울주군
선바위교,35.57667762,129.2336286,버스택시과,40244,울산광역시 울주군
선바위교,35.57722328,129.2336002,버스택시과,40245,울산광역시 울주군
선바위입구,35.57876354,129.2344331,버스택시과,40246,울산광역시 울주군
선바위입구,35.57926394,129.2344355,버스택시과,20741,울산광역시 울주군
선암동,35.51303324,129.338261,버스택시과,40347,울산광역시 남구
선암동,35.51254228,129.3383319,버스택시과,40348,울산광역시 남구
선암새마을금고앞,35.51579079,129.3375162,버스택시과,64002,울산광역시 남구
선암새마을금고앞,35.51593204,129.3375623,버스택시과,64001,울산광역시 남구
선암수변공원입구,35.52190507,129.3295743,버스택시과,64010,울산광역시 남구
선암수변공원입구,35.52205941,129.3296804,버스택시과,64009,울산광역시 남구
선암저수지앞,35.5193381,129.3328031,버스택시과,64006,울산광역시 남구
선암저수지앞,35.51942052,129.3329071,버스택시과,64005,울산광역시 남구
선암초등학교,35.51443282,129.336468,버스택시과,74703,울산광역시 남구
선암초등학교,35.51449493,129.3364233,버스택시과,74704,울산광역시 남구
선암호수노인복지관,35.51371929,129.3189564,버스택시과,64028,울산광역시 남구
선암호수노인복지관,35.51453253,129.3191118,버스택시과,64025,울산광역시 남구
선암호수노인복지관,35.51380744,129.3188239,버스택시과,64027,울산광역시 남구
선암호수노인복지관,35.51458188,129.3193129,버스택시과,64026,울산광역시 남구
선우시장,35.56890697,129.3422645,버스택시과,11206,울산광역시 중구
선우시장,35.56868375,129.3428227,버스택시과,11205,울산광역시 중구
선우시장,35.56866654,129.3414458,버스택시과,11207,울산광역시 중구
선창골,35.64783321,129.3233605,버스택시과,14220,울산광역시 북구
선창골,35.64773451,129.3232224,버스택시과,14221,울산광역시 북구
선창골못,35.65105064,129.3182866,버스택시과,14205,울산광역시 북구
선창골못,35.65126416,129.3180775,버스택시과,14206,울산광역시 북구
선필삼거리,35.65853574,129.1248062,버스택시과,30390,울산광역시 울주군
선필삼거리,35.65859334,129.1245541,버스택시과,30389,울산광역시 울주군
성골마을,35.57223205,129.4519146,버스택시과,27926,울산광역시 북구
성골마을,35.57215032,129.4517601,버스택시과,27925,울산광역시 북구
성광여고앞,35.54168482,129.2643855,버스택시과,22403,울산광역시 남구
성광여고앞,35.54147023,129.2652976,버스택시과,22404,울산광역시 남구
성남동,35.55302175,129.3190518,버스택시과,21606,울산광역시 중구
성남동,35.55283827,129.3182264,버스택시과,21605,울산광역시 중구
성남동매일마트,35.55575354,129.3175984,버스택시과,66704,울산광역시 중구
성남프라자,35.55417521,129.3177796,버스택시과,21409,울산광역시 중구
성내,35.52578197,129.3991887,버스택시과,30634,울산광역시 북구
성내,35.52490682,129.4010898,버스택시과,24201,울산광역시 북구
성내,35.52391917,129.3992633,버스택시과,24202,울산광역시 북구
성도아파트입구,35.67291751,129.33574,교통행정과,40306,경주시
성도아파트입구,35.6738743,129.3355068,교통행정과,40305,경주시
성동마을회관,35.58692144,129.3031742,버스택시과,62006,울산광역시 중구
성동마을회관,35.58697661,129.3032725,버스택시과,62003,울산광역시 중구
성산주유소,35.63444333,129.2874769,버스택시과,21309,울산광역시 울주군
성산주유소,35.63459657,129.2875996,버스택시과,21310,울산광역시 울주군
성신고등학교,35.56116953,129.3279825,버스택시과,73501,울산광역시 중구
성안고가하부도로,35.56498695,129.3177934,버스택시과,23911,울산광역시 중구
성안고가하부도로,35.56573086,129.3177652,버스택시과,23912,울산광역시 중구
성안금호아파트,35.5758149,129.3062525,버스택시과,11802,울산광역시 중구
성안금호아파트,35.57615264,129.3059498,버스택시과,11801,울산광역시 중구
성안입구,35.5625956,129.3190349,버스택시과,23908,울산광역시 중구
성안입구,35.56201369,129.3199866,버스택시과,30919,울산광역시 중구
성안입구,35.56266495,129.3187052,버스택시과,23907,울산광역시 중구
성안입구,35.56172363,129.3200761,버스택시과,30920,울산광역시 중구
성안종점(기점),35.5820813,129.3238292,버스택시과,11710,울산광역시 중구
성안종점(종점),35.58196018,129.3239006,버스택시과,11714,울산광역시 중구
성안청구,35.57982546,129.3164098,버스택시과,11701,울산광역시 중구
성안청구아파트,35.57998767,129.3165143,버스택시과,72202,울산광역시 중구
성안청구아파트,35.58065254,129.3165568,버스택시과,11711,울산광역시 중구
성안청구아파트입구,35.57852314,129.318844,버스택시과,11704,울산광역시 중구
성안청구아파트입구,35.57860834,129.3186893,버스택시과,11705,울산광역시 중구
성안파출소,35.58063584,129.322982,버스택시과,11706,울산광역시 중구
성안파출소,35.5807809,129.3228773,버스택시과,11707,울산광역시 중구
성원상떼빌앞,35.53113042,129.3931225,버스택시과,30630,울산광역시 북구
성원상떼빌앞,35.53090381,129.3929863,버스택시과,30629,울산광역시 북구
성천,35.47979546,129.0889562,교통과,59268,양산시
성천마을,35.47970189,129.0886151,교통과,4361,양산시
성혜마을,35.59630868,129.3452245,버스택시과,11401,울산광역시 중구
성혜마을,35.59641735,129.3452913,버스택시과,11402,울산광역시 중구
세양청구아파트,35.54594851,129.3485833,버스택시과,25102,울산광역시 남구
세양청구아파트,35.54525903,129.3481878,버스택시과,25101,울산광역시 남구
세양청구앞,35.54331135,129.3505569,버스택시과,31020,울산광역시 남구
세양청구앞,35.54313067,129.3505664,버스택시과,31019,울산광역시 남구
세원울산영업소,35.57415425,129.097027,버스택시과,15369,울산광역시 울주군
세원울산영업소,35.5739914,129.0971938,버스택시과,15370,울산광역시 울주군
세원울산영업소앞,35.57478843,129.0967017,버스택시과,15371,울산광역시 울주군
세원울산영업소앞,35.57383229,129.0974047,버스택시과,15372,울산광역시 울주군
세이브존,35.54735208,129.3247561,버스택시과,63511,울산광역시 남구
세진중공업,35.42337408,129.351231,버스택시과,15871,울산광역시 울주군
세진중공업,35.42299037,129.3515017,버스택시과,15872,울산광역시 울주군
세화마트앞,35.51727155,129.3365459,버스택시과,74601,울산광역시 남구
세화마트앞,35.51729124,129.3363431,버스택시과,40866,울산광역시 남구
센트랄,35.5724573,129.3763514,버스택시과,26404,울산광역시 북구
센트럴하이츠,35.54789168,129.3149671,버스택시과,23104,울산광역시 남구
센트럴하이츠,35.54806304,129.314913,버스택시과,23102,울산광역시 남구
센트레빌더테라스,35.55555076,129.1285088,버스택시과,30471,울산광역시 울주군
센트리지5단지앞,35.5585601,129.3250496,버스택시과,21012,울산광역시 중구
소망의집,35.61416335,129.228266,버스택시과,20749,울산광역시 울주군
소방서앞,35.4334122,129.3062071,버스택시과,77712,울산광역시 울주군
소방서앞,35.43349859,129.306024,버스택시과,77711,울산광역시 울주군
소슬채아파트앞,35.55284988,129.1135041,버스택시과,15448,울산광역시 울주군
소슬채아파트앞,35.5526297,129.1135322,버스택시과,15449,울산광역시 울주군
소야정,35.617359,129.056048,버스택시과,30206,울산광역시 울주군
소야정,35.6172117,129.0561655,버스택시과,30205,울산광역시 울주군
소야정교,35.61669704,129.0599742,버스택시과,30287,울산광역시 울주군
소야정교,35.61688275,129.059521,버스택시과,30286,울산광역시 울주군
소토,35.38040732,129.0492688,교통과,59179,양산시
소토,35.38048827,129.0490062,교통과,59178,양산시
소호,35.6698292,129.0861144,버스택시과,15286,울산광역시 울주군
소호,35.6699136,129.0858112,버스택시과,15285,울산광역시 울주군
솔개마을,35.37326521,129.3465066,버스택시과,23310,울산광역시 울주군
솔개마을,35.3731814,129.3464375,버스택시과,23309,울산광역시 울주군
솔밭가든,35.58142182,129.3207443,버스택시과,62511,울산광역시 중구
솔밭가든,35.58136237,129.3203207,버스택시과,62510,울산광역시 중구
솔밭마을,35.40869501,129.2880858,버스택시과,25405,울산광역시 울주군
솔밭마을,35.4086672,129.2885214,버스택시과,25406,울산광역시 울주군
송원산업앞,35.51678795,129.3506089,버스택시과,31406,울산광역시 남구
송원산업앞,35.51663361,129.3502678,버스택시과,31405,울산광역시 남구
송전1구경로당,35.48729902,129.3069097,버스택시과,24640,울산광역시 울주군
송전1구경로당,35.48750422,129.306899,버스택시과,24639,울산광역시 울주군
송정,35.61636069,129.1485111,버스택시과,15113,울산광역시 울주군
송정,35.61642234,129.1486652,버스택시과,15114,울산광역시 울주군
송정LH1단지,35.59946927,129.366241,버스택시과,40390,울산광역시 북구
송정동,35.6013531,129.3551937,버스택시과,40326,울산광역시 북구
송정동,35.60102995,129.3549408,버스택시과,40325,울산광역시 북구
송정동행정복지센터,35.59258541,129.3650248,버스택시과,71106,울산광역시 북구
송정동행정복지센터,35.59281368,129.3648716,버스택시과,71105,울산광역시 북구
송정마을,35.36626877,129.353254,버스택시과,23312,울산광역시 울주군
송정마을,35.36701234,129.3533431,버스택시과,23311,울산광역시 울주군
송정초등학교,35.59076503,129.3651016,버스택시과,71103,울산광역시 북구
송정타워,35.49008072,129.4164004,버스택시과,27125,울산광역시 동구
송정타워,35.48971459,129.4162808,버스택시과,27126,울산광역시 동구
송정타워,35.48983661,129.4167679,버스택시과,26701,울산광역시 동구
송정타워,35.49004315,129.4170055,버스택시과,26702,울산광역시 동구
송정하우스디,35.60375144,129.3652256,버스택시과,40377,울산광역시 북구
송정하우스디,35.60382816,129.3654178,버스택시과,40376,울산광역시 북구
쇠부리체육센터,35.63631397,129.3335919,버스택시과,20211,울산광역시 북구
쇠부리체육센터,35.63652979,129.3337006,버스택시과,20212,울산광역시 북구
쇠정사거리,35.54627731,129.2621826,버스택시과,75606,울산광역시 남구
쇠정사거리,35.54643531,129.2620097,버스택시과,75605,울산광역시 남구
쇠평마을,35.55781242,129.4296678,버스택시과,78004,울산광역시 동구
쇠평마을,35.55771027,129.4295815,버스택시과,78005,울산광역시 동구
쇠평마을쉼터,35.55997698,129.428981,버스택시과,78013,울산광역시 동구
쇠평마을쉼터,35.55989761,129.4291192,버스택시과,78012,울산광역시 동구
쇠평마을입구,35.54946287,129.4342543,버스택시과,78000,울산광역시 동구
쇠평마을입구,35.54936347,129.4341728,버스택시과,78001,울산광역시 동구
쇠평마을입구,35.54569745,129.4368025,버스택시과,78006,울산광역시 동구
쇠평어린이공원,35.55214463,129.4346335,버스택시과,78008,울산광역시 동구
수렴,35.6672607,129.4577363,교통행정과,5406,경주시
수렴,35.66701603,129.4572054,교통행정과,5407,경주시
수렴리,35.67116159,129.4629335,교통행정과,2096,경주시
수렴리,35.67097723,129.4632792,교통행정과,2095,경주시
수렴마을,35.66652196,129.462587,교통행정과,2082,경주시
수렴마을,35.66639079,129.4625578,교통행정과,2081,경주시
수목원입구,35.55127137,129.4317809,버스택시과,78002,울산광역시 동구
수목원입구,35.55118761,129.4316791,버스택시과,78003,울산광역시 동구
수문마을회관,35.50911281,129.2650071,버스택시과,15840,울산광역시 울주군
수문마을회관,35.50927762,129.2646983,버스택시과,15841,울산광역시 울주군
수암동행정복지센터,35.52413373,129.3182439,버스택시과,22905,울산광역시 남구
수암동행정복지센터,35.52453854,129.3182592,버스택시과,22906,울산광역시 남구
수암시장앞,35.52792702,129.3207326,버스택시과,31205,울산광역시 남구
수암시장앞,35.52873463,129.3196192,버스택시과,31206,울산광역시 남구
수질연구소,35.46496331,129.2857475,버스택시과,31611,울산광역시 울주군
수질연구소,35.46484934,129.2858061,버스택시과,31612,울산광역시 울주군
수필아파트,35.54861173,129.2505395,버스택시과,76401,울산광역시 남구
술마,35.39651628,129.3211106,버스택시과,25415,울산광역시 울주군
술마,35.39651561,129.3213172,버스택시과,25416,울산광역시 울주군
술마교,35.40295131,129.3109131,버스택시과,25411,울산광역시 울주군
술마교,35.4029748,129.3110981,버스택시과,25412,울산광역시 울주군
숭의빌딩,35.53634222,129.3350577,버스택시과,23004,울산광역시 남구
숭의빌딩,35.53621412,129.3353795,버스택시과,23003,울산광역시 남구
숯고개,35.51358723,129.2529541,버스택시과,15847,울산광역시 울주군
숯고개,35.51358896,129.253103,버스택시과,15846,울산광역시 울주군
숯고개,35.61445537,129.3112539,버스택시과,14515,울산광역시 중구
숯고개,35.61445497,129.3113734,버스택시과,14516,울산광역시 북구
스파쇼핑,35.21875125,129.0848754,버스운영과,57040,부산광역시
스파쇼핑,35.21903399,129.0851122,버스운영과,57045,부산광역시
스포츠과학중고교,35.62474806,129.4335149,버스택시과,26362,울산광역시 북구
스포츠과학중고교,35.62469107,129.4330428,버스택시과,26361,울산광역시 북구
시계탑사거리,35.55508709,129.3207105,버스택시과,66803,울산광역시 중구
시례동,35.59663403,129.3242118,버스택시과,14524,울산광역시 중구
시례동,35.59661329,129.3240103,버스택시과,14523,울산광역시 북구
시립문수궁도장입구,35.51820905,129.3004955,버스택시과,22421,울산광역시 남구
시립문수궁도장입구,35.51807756,129.3013642,버스택시과,22415,울산광역시 남구
시립요양원,35.57584933,129.3207277,버스택시과,72503,울산광역시 중구
시립요양원,35.57588626,129.3209487,버스택시과,72504,울산광역시 중구
시민의 발 서비스,35.56535475,129.3676762,버스택시과,25918,울산광역시 북구
시민의 발 서비스,35.56623399,129.3674324,버스택시과,25919,울산광역시 북구
시외고속버스터미널,35.53930206,129.3381689,버스택시과,40419,울산광역시 남구
시외고속버스터미널/서울삼성정형외과의원,35.53958703,129.3379126,버스택시과,40420,울산광역시 남구
시외버스정류장,35.53547142,129.252821,버스택시과,65606,울산광역시 남구
시외버스터미널/마더스병원,35.53507563,129.3404548,버스택시과,31717,울산광역시 남구
시외버스터미널앞,35.53511115,129.3408992,버스택시과,31718,울산광역시 남구
시장2리,35.62775361,129.3511929,버스택시과,25308,울산광역시 북구
시장2리,35.62738901,129.3510609,버스택시과,25307,울산광역시 북구
시장입구,35.56464869,129.1257387,버스택시과,20619,울산광역시 울주군
시장입구,35.5644603,129.1264175,버스택시과,20614,울산광역시 울주군
시청,35.53763657,129.3103481,버스택시과,31022,울산광역시 남구
시청,35.53742126,129.3105079,버스택시과,31021,울산광역시 남구
시청,35.53954056,129.3121661,버스택시과,31111,울산광역시 남구
시청앞,35.53915699,129.3123405,버스택시과,31109,울산광역시 남구
시청앞,35.53973515,129.3124037,버스택시과,31110,울산광역시 남구
시티버스-고래박물관,35.50339988,129.3805682,버스택시과,90016,울산광역시 남구
시티버스-대교전망대입구,35.50373789,129.4167981,버스택시과,90017,울산광역시 동구
시티버스-대왕암공원,35.49012699,129.4359733,버스택시과,90018,울산광역시 동구
시티버스-롯데광장,35.53850294,129.3393616,버스택시과,90002,울산광역시 남구
시티버스-롯데시티호텔,35.53767622,129.3297082,버스택시과,90003,울산광역시 남구
시티버스-롯데시티호텔(신라스테이),35.53770336,129.3298192,버스택시과,90019,울산광역시 남구
시티버스-롯데호텔,35.53921879,129.3377619,버스택시과,90014,울산광역시 남구
시티버스-문화예술회관,35.5431855,129.3253116,버스택시과,90013,울산광역시 남구
시티버스-삼호대숲(철새홍보관),35.55094209,129.2780942,버스택시과,90007,울산광역시 남구
시티버스-스타즈호텔,35.53999028,129.34721,버스택시과,90001,울산광역시 남구
시티버스-스타즈호텔,35.5396393,129.3489223,버스택시과,90015,울산광역시 남구
시티버스-시계탑사거리(울산시립미술관),35.55520345,129.3214523,버스택시과,90011,울산광역시 중구
시티버스-중앙전통시장,35.55426224,129.3236524,버스택시과,90012,울산광역시 중구
시티버스-태화강국가정원(오산광장),35.5496894,129.2921248,버스택시과,90008,울산광역시 중구
시티버스-태화강국가정원(회전교차로),35.55058213,129.2991847,버스택시과,90009,울산광역시 중구
시티버스-태화강역,35.53830275,129.3527577,버스택시과,90000,울산광역시 남구
시티버스-태화강전망대(태화강 동굴피아),35.54451058,129.2934244,버스택시과,90006,울산광역시 남구
시티버스-태화교정류장,35.54959959,129.3073377,버스택시과,90005,울산광역시 남구
시티버스-태화루,35.55396977,129.3069833,버스택시과,90010,울산광역시 중구
시티버스-현대백화점,35.54060365,129.3355807,버스택시과,90004,울산광역시 남구
신기,35.63138016,129.2195448,버스택시과,20727,울산광역시 울주군
신기,35.61399674,129.0709467,버스택시과,30210,울산광역시 울주군
신기,35.70278004,129.1803112,버스택시과,31811,울산광역시 울주군
신기,35.70291518,129.1803158,버스택시과,31812,울산광역시 울주군
신기,35.61395824,129.0707487,버스택시과,30209,울산광역시 울주군
신기,35.63117418,129.2197372,버스택시과,20728,울산광역시 울주군
신기마을앞,35.43239716,129.2536619,버스택시과,15911,울산광역시 울주군
신기마을앞,35.43251902,129.2536828,버스택시과,15912,울산광역시 울주군
신기주공,35.35287013,129.04152,교통과,59144,양산시
신기주공APT,35.35305605,129.0418031,교통과,59145,양산시
신기주공아파트,35.35306826,129.037804,교통과,4867,양산시
신기주공아파트,35.35341187,129.0383626,교통과,4832,양산시
신기회관,35.64485371,129.35654,버스택시과,71418,울산광역시 북구
신기회관,35.6437178,129.3565425,버스택시과,71417,울산광역시 북구
신도시현대.청어람,35.3343496,129.0325937,교통과,4525,양산시
신도시현대.청어람,35.33459743,129.0325499,교통과,4526,양산시
신동아파밀리에아파트,35.54732413,129.2487279,버스택시과,76405,울산광역시 남구
신동아파밀리에아파트,35.54750117,129.2492008,버스택시과,76404,울산광역시 남구
신리,35.59789094,129.1103533,버스택시과,15358,울산광역시 울주군
신리,35.34576999,129.3154249,버스택시과,15953,울산광역시 울주군
신리,35.59775318,129.1104047,버스택시과,15357,울산광역시 울주군
신리,35.34563246,129.316606,버스택시과,15954,울산광역시 울주군
신리입구,35.34393212,129.3081072,버스택시과,15955,울산광역시 울주군
신리입구,35.34371624,129.3076749,버스택시과,15956,울산광역시 울주군
신명(달맞이휴게소),35.64757,129.4455753,버스택시과,26346,울산광역시 북구
신명동,35.64026323,129.4346453,버스택시과,14008,울산광역시 북구
신명동,35.64013441,129.4346388,버스택시과,14007,울산광역시 북구
신명마을,35.38261731,129.155101,교통과,30564,양산시
신명마을,35.64266738,129.4403085,버스택시과,26304,울산광역시 북구
신명마을,35.64285482,129.4401735,버스택시과,26303,울산광역시 북구
신명마을,35.38262801,129.1548766,교통과,30563,양산시
신명천,35.64103328,129.4323229,버스택시과,14013,울산광역시 북구
신명천,35.64106705,129.4325468,버스택시과,14014,울산광역시 북구
신명휴게소,35.65140594,129.448132,버스택시과,26347,울산광역시 북구
신복,35.53386169,129.1142509,버스택시과,15407,울산광역시 울주군
신복,35.53395667,129.1144334,버스택시과,15408,울산광역시 울주군
신복교차로,35.54878159,129.2630239,버스택시과,30704,울산광역시 남구
신복교차로,35.54824135,129.2624023,버스택시과,30703,울산광역시 남구
신복교차로 입구,35.54805663,129.2626567,버스택시과,30700,울산광역시 남구
신복초등학교,35.54956414,129.254916,버스택시과,76210,울산광역시 남구
신복초등학교,35.55111819,129.2544026,버스택시과,65401,울산광역시 남구
신복초등학교,35.54944512,129.2549282,버스택시과,76203,울산광역시 남구
신복초등학교,35.54958714,129.254719,버스택시과,65402,울산광역시 남구
신복초등학교,35.54962768,129.2548269,버스택시과,76209,울산광역시 남구
신복초등학교,35.55093005,129.2543673,버스택시과,76204,울산광역시 남구
신복현대아파트,35.55194227,129.25443,버스택시과,76206,울산광역시 남구
신복현대아파트,35.55179291,129.2545657,버스택시과,76205,울산광역시 남구
신복환승센터,35.55110632,129.2625933,버스택시과,30701,울산광역시 남구
신복환승센터,35.55070391,129.2623698,버스택시과,30702,울산광역시 남구
신복회관,35.53193981,129.1169504,버스택시과,15410,울산광역시 울주군
신복회관,35.53192559,129.1167876,버스택시과,15409,울산광역시 울주군
신북정,35.37045687,129.0451073,교통과,59165,양산시
신북정,35.37018102,129.0445792,교통과,59160,양산시
신불산온천,35.55461153,129.0767005,버스택시과,15395,울산광역시 울주군
신불산온천,35.5548089,129.0766128,버스택시과,15326,울산광역시 울주군
신불산자연휴양림앞,35.55103086,129.0148495,버스택시과,30264,울산광역시 울주군
신불산자연휴양림앞,35.55050236,129.0147782,버스택시과,30263,울산광역시 울주군
신선여고,35.52519367,129.3263657,버스택시과,74901,울산광역시 남구
신선여고,35.52519773,129.3265289,버스택시과,74902,울산광역시 남구
신세대아파트,35.5523244,129.2590639,버스택시과,65105,울산광역시 남구
신세대아파트,35.55238389,129.2586755,버스택시과,65106,울산광역시 남구
신안1길입구,35.52433316,129.1123127,버스택시과,15401,울산광역시 울주군
신안골드빌,35.57917208,129.3128063,버스택시과,72104,울산광역시 중구
신안골드빌,35.57905417,129.3123844,버스택시과,72105,울산광역시 중구
신안마을회관,35.52550223,129.1075779,버스택시과,31617,울산광역시 울주군
신안마을회관,35.52535487,129.1075766,버스택시과,31618,울산광역시 울주군
신안입구,35.52549975,129.0993844,버스택시과,30129,울산광역시 울주군
신안입구,35.52527216,129.0994137,버스택시과,30130,울산광역시 울주군
신암공단,35.47379364,129.1754511,버스택시과,15731,울산광역시 울주군
신암공단,35.47384733,129.1753443,버스택시과,15732,울산광역시 울주군
신암마을회관앞,35.46891899,129.1724131,버스택시과,15714,울산광역시 울주군
신암마을회관앞,35.46894829,129.1725446,버스택시과,15713,울산광역시 울주군
신암마을회관앞,35.46892184,129.1725471,버스택시과,76707,울산광역시 울주군
신암입구,35.34692715,129.3205178,버스택시과,15952,울산광역시 울주군
신암입구,35.34706744,129.320664,버스택시과,15951,울산광역시 울주군
신영공업,35.5996845,129.078637,버스택시과,30155,울산광역시 울주군
신영공업,35.59911603,129.0790331,버스택시과,30156,울산광역시 울주군
신울산종합시장,35.56156543,129.3384782,버스택시과,31706,울산광역시 중구
신울산종합시장,35.56148719,129.3382733,버스택시과,31705,울산광역시 중구
신일반산업단지입구,35.46184357,129.3389131,교통과,15896,울산광역시 울주군
신일반산업단지입구,35.46162532,129.3389088,버스택시과,15897,울산광역시 울주군
신일중학교앞,35.52435769,129.3115286,버스택시과,31303,울산광역시 남구
신일중학교앞,35.5254317,129.3112494,버스택시과,31304,울산광역시 남구
신일해피트리,35.48739545,129.3026528,버스택시과,24636,울산광역시 울주군
신일해피트리,35.48753258,129.3027348,버스택시과,24635,울산광역시 울주군
신전,35.53470865,129.3894475,버스택시과,30627,울산광역시 북구
신전,35.53618443,129.3888361,버스택시과,30628,울산광역시 북구
신전마을,35.59814074,129.4307473,버스택시과,26325,울산광역시 북구
신전마을,35.5985127,129.4309123,버스택시과,26326,울산광역시 북구
신전마을,35.43205289,129.0677349,교통과,59237,양산시
신전마을,35.43203138,129.0675153,교통과,59235,양산시
신정1동행정복지센터,35.54176146,129.3059693,버스택시과,22503,울산광역시 남구
신정1동행정복지센터,35.54186292,129.3062712,버스택시과,22504,울산광역시 남구
신정2동행정복지센터입구,35.53388128,129.3067875,버스택시과,22507,울산광역시 남구
신정2동행정복지센터입구,35.53350664,129.3071968,버스택시과,22508,울산광역시 남구
신정3동행정복지센터입구,35.54611724,129.3154974,버스택시과,63506,울산광역시 남구
신정3동행정복지센터입구,35.54609002,129.3159514,버스택시과,63505,울산광역시 남구
신정5동행정복지센터앞,35.544093,129.3194762,버스택시과,63612,울산광역시 남구
신정5동행정복지센터앞,35.54397377,129.319752,버스택시과,22805,울산광역시 남구
신정고등학교,35.53277035,129.3030629,버스택시과,40613,울산광역시 남구
신정고등학교/학성고등학교,35.53328761,129.3024703,버스택시과,40614,울산광역시 남구
신정시장사거리,35.54233404,129.3128077,버스택시과,63608,울산광역시 남구
신정시장사거리,35.54215565,129.312827,버스택시과,63609,울산광역시 남구
신정시장앞,35.54329731,129.3110262,버스택시과,31108,울산광역시 남구
신정시장앞,35.54402751,129.3104082,버스택시과,31105,울산광역시 남구
신정시장앞,35.54390568,129.3107501,버스택시과,31106,울산광역시 남구
신정시장앞,35.54328819,129.3106933,버스택시과,31107,울산광역시 남구
신정중학교앞,35.5410978,129.2925489,버스택시과,63803,울산광역시 남구
신정중학교앞,35.54121523,129.2924993,버스택시과,63804,울산광역시 남구
신정현대홈타운106동,35.5300932,129.3249222,버스택시과,64300,울산광역시 남구
신정현대홈타운106동,35.5301752,129.3247631,버스택시과,64306,울산광역시 남구
신정현대홈타운4단지,35.5312731,129.3223734,버스택시과,64303,울산광역시 남구
신정현대홈타운4단지,35.53094737,129.3225591,버스택시과,64304,울산광역시 남구
신정현대홈타운단지내,35.52996342,129.324776,버스택시과,12505,울산광역시 남구
신정현대홈타운앞,35.5316544,129.323651,버스택시과,64105,울산광역시 남구
신정현대홈타운앞,35.53179001,129.323721,버스택시과,23406,울산광역시 남구
신정현대홈타운앞,35.53204653,129.3231276,버스택시과,23405,울산광역시 남구
신중앙시장,35.55518241,129.328481,버스택시과,24710,울산광역시 중구
신중앙시장,35.55534572,129.3284925,버스택시과,24709,울산광역시 중구
신진자동차학원앞,35.48077583,129.2192745,버스택시과,30516,울산광역시 울주군
신진자동차학원앞,35.48124738,129.2185595,버스택시과,30515,울산광역시 울주군
신진파크,35.48975628,129.4214979,버스택시과,13303,울산광역시 동구
신진파크,35.49057274,129.4215394,버스택시과,13304,울산광역시 동구
신척과,35.59846265,129.2751872,교통과,21326,울산광역시 울주군
신척과,35.59848743,129.2748293,교통과,21325,울산광역시 울주군
신천,35.6316587,129.3506787,버스택시과,25305,울산광역시 북구
신천,35.63224431,129.3505896,버스택시과,25306,울산광역시 북구
신천리플렉스,35.63508561,129.3554742,버스택시과,25349,울산광역시 북구
신천리플렉스,35.63510413,129.3556789,버스택시과,25340,울산광역시 북구
신촌마을,35.46803416,129.3209706,버스택시과,40115,울산광역시 울주군
신촌마을,35.46818075,129.3213135,버스택시과,40116,울산광역시 울주군
신토불이,35.49247734,129.2113501,버스택시과,24440,울산광역시 울주군
신토불이,35.49241736,129.2112464,버스택시과,24439,울산광역시 울주군
신평버스터미널,35.49323132,129.0869572,교통과,66201,양산시
신평버스터미널,35.49338545,129.0872509,교통과,77008,양산시
"신평시장,중앙약국",35.49094069,129.0869024,교통과,77004,양산시
"신평시장,중앙약국",35.49089408,129.0867835,교통과,77007,양산시
신한로얄멤버스아파트,35.53997731,129.3041582,버스택시과,40769,울산광역시 남구
신한비료앞,35.4814809,129.3472848,버스택시과,23513,울산광역시 남구
신한비료앞,35.4821165,129.3479616,버스택시과,23514,울산광역시 남구
신한은행.양산시2청사,35.34627977,129.0389779,교통과,59138,양산시
신한은행.양산시2청사,35.34646601,129.0393314,교통과,59139,양산시
신한중공업,35.40594015,129.3488841,버스택시과,15874,울산광역시 울주군
신한중공업,35.40497947,129.3470462,버스택시과,15873,울산광역시 울주군
신현동,35.58966887,129.4184224,버스택시과,26369,울산광역시 북구
신현동,35.5896673,129.4188472,버스택시과,26368,울산광역시 북구
신화(태기)입구,35.58852268,129.133718,버스택시과,30342,울산광역시 울주군
신화(태기)입구,35.58767849,129.1333563,버스택시과,30341,울산광역시 울주군
신화3길입구,35.58547721,129.1268056,버스택시과,15625,울산광역시 울주군
신화3길입구,35.58563181,129.1269807,버스택시과,15626,울산광역시 울주군
신화마을,35.52405313,129.3412858,버스택시과,24003,울산광역시 남구
신화마을,35.58830586,129.1270895,버스택시과,30377,울산광역시 울주군
신화마을,35.52419497,129.3409394,버스택시과,24004,울산광역시 남구
신화마을,35.58833254,129.1272049,버스택시과,30376,울산광역시 울주군
신화목재,35.42407007,129.1962165,버스택시과,15900,울산광역시 울주군
신화목재,35.42389135,129.1966785,버스택시과,15899,울산광역시 울주군
신흥마을,35.57552024,129.1312231,버스택시과,30346,울산광역시 울주군
신흥마을,35.57575277,129.1310847,버스택시과,30345,울산광역시 울주군
신흥마을입구,35.50067941,129.088798,버스택시과,23609,울산광역시 울주군
신흥마을입구,35.50064776,129.0886451,버스택시과,23610,울산광역시 울주군
신흥마을회관,35.57507844,129.1338211,버스택시과,30473,울산광역시 울주군
신흥마을회관,35.57495122,129.1337543,버스택시과,30472,울산광역시 울주군
십리대밭교,35.54924984,129.3062409,버스택시과,22014,울산광역시 남구
십리대밭교,35.54908429,129.3061922,버스택시과,22013,울산광역시 남구
쌍수마을,35.54062276,129.1326322,버스택시과,15403,울산광역시 울주군
쌍수마을,35.54052147,129.1327661,버스택시과,15404,울산광역시 울주군
쌍용아진 그린타운1차,35.62933436,129.3412249,버스택시과,20206,울산광역시 북구
쌍용아진 그린타운1차,35.62864594,129.342756,버스택시과,20205,울산광역시 북구
쌍용아진그린타운2차,35.630266,129.3399863,버스택시과,20203,울산광역시 북구
쌍용아진그린타운2차,35.63084795,129.3386148,버스택시과,20204,울산광역시 북구
쌍용아진그린타운3차,35.63068256,129.3358784,버스택시과,20201,울산광역시 북구
쌍용아진그린타운4차,35.63141616,129.3353368,버스택시과,20216,울산광역시 북구
쌍용양회앞,35.52403982,129.3707909,버스택시과,24010,울산광역시 남구
쌍용양회앞,35.52409458,129.370572,버스택시과,24009,울산광역시 남구
쌍용하나빌리지,35.49559591,129.238008,버스택시과,24601,울산광역시 울주군
쌍용하나빌리지,35.49285563,129.2383752,버스택시과,24604,울산광역시 울주군
쌍용하나빌리지,35.49587389,129.2377684,버스택시과,24602,울산광역시 울주군
쌍용하나빌리지(종점),35.49285062,129.2384789,버스택시과,24603,울산광역시 울주군
쌍용하나빌리지206,35.49426343,129.2392216,버스택시과,24605,울산광역시 울주군
아데라움아파트,35.54625903,129.3448525,버스택시과,73801,울산광역시 남구
아데라움아파트,35.54649535,129.3445595,버스택시과,73802,울산광역시 남구
아래하리,35.64580919,129.2108196,버스택시과,20716,울산광역시 울주군
아래하리,35.64554998,129.2108558,버스택시과,20715,울산광역시 울주군
아랫귀지,35.41901083,129.271231,버스택시과,15918,울산광역시 울주군
아랫귀지,35.41922323,129.2708884,버스택시과,15917,울산광역시 울주군
아랫반회,35.41106525,129.0591413,교통과,59433,양산시
아랫반회,35.41126387,129.0593759,교통과,59201,양산시
아랫율동,35.55674398,129.379384,버스택시과,30618,울산광역시 북구
아랫율동,35.55667177,129.379093,버스택시과,30617,울산광역시 북구
"아산의학관,울산대학병원",35.51912366,129.4267663,버스택시과,27108,울산광역시 동구
"아산의학관,울산대학병원",35.51894303,129.426444,버스택시과,27107,울산광역시 동구
아성아파트,35.55061657,129.2545635,버스택시과,76201,울산광역시 남구
아성아파트,35.55050586,129.2547015,버스택시과,76202,울산광역시 남구
아진비치아파트,35.61948247,129.4473212,버스택시과,26315,울산광역시 북구
아진비치아파트,35.61967575,129.4473902,버스택시과,26316,울산광역시 북구
아하브마을,35.5614018,129.0836267,버스택시과,15323,울산광역시 울주군
아하브마을,35.56102429,129.0834787,버스택시과,15325,울산광역시 울주군
안간월,35.56540739,129.0588293,버스택시과,31615,울산광역시 울주군
안간월,35.56532285,129.0587119,버스택시과,31616,울산광역시 울주군
안영축,35.52919653,129.2294266,버스택시과,65027,울산광역시 남구
안영축,35.52904573,129.2301112,버스택시과,65028,울산광역시 남구
안영축종점,35.52935744,129.2266789,버스택시과,65020,울산광역시 남구
안영축종점,35.52954744,129.2263674,버스택시과,65029,울산광역시 남구
안전보건공단 동서발전,35.56597471,129.3205525,버스택시과,11415,울산광역시 중구
안전보건공단 동서발전,35.56580337,129.3205599,버스택시과,11414,울산광역시 중구
알바위기념물,35.5062982,129.087172,버스택시과,27505,울산광역시 울주군
암각화입구주차장,35.61218513,129.1580486,버스택시과,30395,울산광역시 울주군
암각화입구주차장,35.61225946,129.158179,버스택시과,30394,울산광역시 울주군
암곡마을,35.46325726,129.1748218,버스택시과,15711,울산광역시 울주군
암곡마을,35.46300598,129.174814,버스택시과,15712,울산광역시 울주군
암리,35.49894724,129.1041656,버스택시과,24404,울산광역시 울주군
암리,35.49887619,129.1039116,버스택시과,24403,울산광역시 울주군
압골,35.61099808,129.1604381,버스택시과,30381,울산광역시 울주군
압골,35.61094494,129.1602553,버스택시과,30380,울산광역시 울주군
애니원 고등학교,35.57823727,129.3204694,버스택시과,62302,울산광역시 중구
애니원고등학교,35.57814787,129.3204064,버스택시과,62301,울산광역시 중구
앱티브케이유엠,35.60221253,129.0765943,버스택시과,15453,울산광역시 울주군
야음노인정,35.52292851,129.3348168,버스택시과,31224,울산광역시 남구
야음노인정,35.52290091,129.3355242,버스택시과,31223,울산광역시 남구
야음본동,35.52775622,129.3426964,버스택시과,31721,울산광역시 남구
야음본동,35.52778308,129.3429948,버스택시과,31722,울산광역시 남구
야음시장,35.5245466,129.33051,버스택시과,74504,울산광역시 남구
야음시장,35.52455851,129.3306536,버스택시과,74503,울산광역시 남구
야음시장앞,35.52429792,129.3315703,버스택시과,31211,울산광역시 남구
야음시장앞,35.5244832,129.3317162,버스택시과,31212,울산광역시 남구
야음장생포행정복지센터,35.52040865,129.338449,버스택시과,31216,울산광역시 남구
야음장생포행정복지센터,35.5197559,129.3392549,버스택시과,31215,울산광역시 남구
야음초등학교앞,35.52093361,129.3303821,버스택시과,64008,울산광역시 남구
야음초등학교앞,35.5209875,129.3305076,버스택시과,64007,울산광역시 남구
약불암,35.63058501,129.2582205,버스택시과,15277,울산광역시 울주군
약불암,35.63065595,129.2582988,버스택시과,15278,울산광역시 울주군
약사고등학교,35.57397344,129.3351559,버스택시과,11428,울산광역시 중구
약사고등학교,35.57418357,129.3351234,버스택시과,11427,울산광역시 중구
약사골사거리,35.57978966,129.3378774,버스택시과,11438,울산광역시 중구
약사골사거리,35.58061028,129.3373208,버스택시과,11439,울산광역시 중구
약사더샵,35.5682631,129.3364861,버스택시과,73103,울산광역시 중구
약사더샵,35.56824734,129.3367415,버스택시과,73104,울산광역시 중구
약사동,35.5812245,129.3194324,버스택시과,72302,울산광역시 중구
약사동,35.58122902,129.3195771,버스택시과,72301,울산광역시 중구
약사동행정복지센터,35.57012951,129.3373994,버스택시과,62703,울산광역시 중구
약사동행정복지센터,35.57025799,129.3373949,버스택시과,62704,울산광역시 중구
약사동행정복지센터앞,35.57211667,129.3353033,버스택시과,30909,울산광역시 중구
약사동행정복지센터앞,35.57195593,129.335622,버스택시과,30910,울산광역시 중구
약사래미안아파트,35.56560158,129.3379643,버스택시과,40509,울산광역시 중구
약사래미안아파트/세무회계 이추,35.5656204,129.3387354,버스택시과,40510,울산광역시 중구
약사아이파크,35.57340562,129.3392538,버스택시과,11202,울산광역시 중구
약사아이파크,35.57241144,129.3393257,버스택시과,11201,울산광역시 중구
약사제방전시관,35.57730691,129.339255,버스택시과,11430,울산광역시 중구
약사제방전시관,35.57726042,129.3389227,버스택시과,11431,울산광역시 중구
약사중학교,35.57033389,129.3402082,버스택시과,11204,울산광역시 중구
약사중학교,35.56967989,129.3395267,버스택시과,62706,울산광역시 중구
약사중학교,35.56954234,129.3394921,버스택시과,62705,울산광역시 중구
약사중학교,35.56976683,129.3401627,버스택시과,11203,울산광역시 중구
약수마을,35.64647674,129.3428926,버스택시과,40317,울산광역시 북구
약수마을,35.64723515,129.3431383,버스택시과,40318,울산광역시 북구
약수윗마을,35.65185793,129.3519439,버스택시과,71402,울산광역시 북구
약수윗마을,35.65182396,129.3517734,버스택시과,71403,울산광역시 북구
약수윗마을,35.6513161,129.351204,버스택시과,71420,울산광역시 북구
약수제일아파트앞,35.64797056,129.3426437,버스택시과,40315,울산광역시 북구
양남중학교,35.67391705,129.4619139,교통행정과,2183,경주시
양남중학교,35.67407288,129.4620368,교통행정과,2184,경주시
양동마을,35.46693965,129.2924745,버스택시과,31504,울산광역시 울주군
양동마을,35.46688309,129.2921134,버스택시과,31503,울산광역시 울주군
양등마을,35.60033281,129.0766478,버스택시과,15368,울산광역시 울주군
양등마을,35.60050142,129.0765409,버스택시과,15367,울산광역시 울주군
양등입구,35.6007074,129.0816076,버스택시과,30216,울산광역시 울주군
양등입구,35.60081284,129.0814155,버스택시과,30215,울산광역시 울주군
양사초등학교,35.55778567,129.317775,버스택시과,63115,울산광역시 중구
양사초등학교앞,35.5568001,129.3195913,버스택시과,21005,울산광역시 중구
양사초등학교앞,35.55649962,129.3187468,버스택시과,21006,울산광역시 중구
양산IC입구,35.37555526,129.0468462,교통과,59171,양산시
양산IC입구,35.37671809,129.0473386,교통과,59174,양산시
양산롯데캐슬입구,35.3940594,129.1591758,교통과,30573,양산시
양산롯데캐슬입구,35.39500366,129.159858,교통과,30574,양산시
양산성모병원,35.40622691,129.1648724,교통과,30551,양산시
양산성모병원,35.4053567,129.1648334,교통과,30552,양산시
양산시청,35.33480391,129.0385634,교통과,59135,양산시
양산시청,35.33525109,129.0388289,교통과,59136,양산시
양산역,35.33865933,129.0268856,교통과,4415,양산시
양산역,35.33850751,129.026553,교통과,4414,양산시
양산역환승센터,35.3371643,129.0258079,교통과,4519,양산시
양산역환승센터,35.33734042,129.0256393,교통과,4518,양산시
양산종합운동장,35.34217232,129.0333848,교통과,4422,양산시
양산종합운동장,35.34306733,129.033979,교통과,2811,양산시
양산중학교,35.35016737,129.0423007,교통과,59146,양산시
양암,35.35967943,129.2957653,버스택시과,77410,울산광역시 울주군
양암,35.35965919,129.2955569,버스택시과,77411,울산광역시 울주군
양우내안애,35.58100977,129.122733,버스택시과,15620,울산광역시 울주군
양우내안애,35.58042663,129.1222636,버스택시과,15621,울산광역시 울주군
양우내안애,35.58060615,129.1222643,버스택시과,15619,울산광역시 울주군
양우내안애,35.58056586,129.1224842,버스택시과,15624,울산광역시 울주군
양정힐스테이트앞,35.5507663,129.3827088,버스택시과,30622,울산광역시 북구
양정힐스테이트앞,35.54904384,129.3831346,버스택시과,30621,울산광역시 북구
양죽마을,35.50905236,129.3813214,버스택시과,31414,울산광역시 남구
양죽마을,35.50887494,129.3812941,버스택시과,31413,울산광역시 남구
양지,35.70388037,129.166411,버스택시과,31813,울산광역시 울주군
양지,35.70396099,129.1663725,버스택시과,31814,울산광역시 울주군
양지마을,35.62464598,129.3319852,버스택시과,14403,울산광역시 북구
양지마을,35.62514283,129.3319196,버스택시과,14404,울산광역시 북구
양천마을회관,35.46830989,129.2818302,버스택시과,31614,울산광역시 울주군
양천마을회관,35.46831165,129.2819707,버스택시과,31613,울산광역시 울주군
어울림아파트,35.53118034,129.3253378,버스택시과,64311,울산광역시 남구
어음리E편한세상,35.56014234,129.1340863,버스택시과,30408,울산광역시 울주군
어음리E편한세상,35.55991109,129.1340998,버스택시과,30407,울산광역시 울주군
언삼교,35.56328171,129.1166404,버스택시과,15445,울산광역시 울주군
언삼교,35.56329876,129.1168876,버스택시과,15444,울산광역시 울주군
언삼교사거리,35.56471654,129.1160082,버스택시과,20108,울산광역시 울주군
언양고등학교,35.56089661,129.1330336,버스택시과,30406,울산광역시 울주군
언양고등학교,35.56105119,129.1326016,버스택시과,30405,울산광역시 울주군
언양맨션,35.56730235,129.1173537,버스택시과,20608,울산광역시 울주군
언양맨션,35.56708527,129.1174849,버스택시과,20607,울산광역시 울주군
언양병원,35.5605786,129.1259083,버스택시과,15421,울산광역시 울주군
언양복지회관,35.56984978,129.1265815,버스택시과,20303,울산광역시 울주군
언양성당,35.56857178,129.1148976,버스택시과,20605,울산광역시 울주군
언양성당,35.56879564,129.1147344,버스택시과,20606,울산광역시 울주군
언양알프스시장,35.56357606,129.1247482,버스택시과,30242,울산광역시 울주군
언양알프스시장,35.56288638,129.1242815,버스택시과,30241,울산광역시 울주군
언양우체국,35.56551214,129.1249435,버스택시과,15612,울산광역시 울주군
언양우체국,35.5664357,129.1248425,버스택시과,15611,울산광역시 울주군
언양읍성북문,35.5700783,129.1223768,버스택시과,15614,울산광역시 울주군
언양읍성북문,35.57023283,129.1224114,버스택시과,15613,울산광역시 울주군
언양읍행정복지센터,35.56940857,129.125062,버스택시과,15609,울산광역시 울주군
언양읍행정복지센터,35.56922233,129.1252205,버스택시과,15610,울산광역시 울주군
언양임시시외터미널,35.56245772,129.1300562,버스택시과,30403,울산광역시 울주군
언양임시시외터미널,35.56233617,129.1299496,버스택시과,30404,울산광역시 울주군
언양임시시외터미널앞,35.56260369,129.130319,버스택시과,30401,울산광역시 울주군
언양임시시외터미널앞,35.56269614,129.1303999,버스택시과,30402,울산광역시 울주군
언양자동차학원,35.55694479,129.1396003,버스택시과,30412,울산광역시 울주군
언양자동차학원,35.55631399,129.1405209,버스택시과,30411,울산광역시 울주군
언양전화국,35.56620873,129.1189952,버스택시과,20611,울산광역시 울주군
언양전화국,35.56635806,129.1190226,버스택시과,20612,울산광역시 울주군
언양정비,35.52776002,129.1005317,버스택시과,30127,울산광역시 울주군
언양정비,35.52748723,129.1006467,버스택시과,30128,울산광역시 울주군
언양중학교,35.56994407,129.1277122,버스택시과,20301,울산광역시 울주군
언양터미널,35.56375,129.1270449,버스택시과,20624,울산광역시 울주군
언양터미널,35.56379605,129.1273215,버스택시과,20623,울산광역시 울주군
언양하나로마트,35.57357566,129.1228649,버스택시과,15623,울산광역시 울주군
언양하나로마트,35.57364927,129.1231619,버스택시과,15622,울산광역시 울주군
에쓰오일사택,35.53785067,129.3010282,버스택시과,12415,울산광역시 남구
에일린의뜰2차,35.58448152,129.3450012,버스택시과,30951,울산광역시 중구
에일린의뜰2차,35.58390731,129.3443266,버스택시과,30952,울산광역시 중구
에코캡,35.59537957,129.0827961,버스택시과,30154,울산광역시 울주군
에코캡,35.59517313,129.0832201,버스택시과,30153,울산광역시 울주군
에프유,35.58105554,129.3754448,버스택시과,26400,울산광역시 북구
엘크루 202동,35.48679804,129.4310276,버스택시과,61117,울산광역시 동구
엘크루202동,35.48682527,129.4307943,버스택시과,61118,울산광역시 동구
엘크루후문,35.48757396,129.4303738,버스택시과,61022,울산광역시 동구
엘크루후문,35.48767441,129.4304391,버스택시과,61021,울산광역시 동구
엠코타운,35.64403137,129.3471381,버스택시과,71501,울산광역시 북구
엠코타운,35.64409921,129.3468536,버스택시과,71502,울산광역시 북구
여래원,35.4822001,129.1764911,버스택시과,15740,울산광역시 울주군
여래원,35.48227006,129.1766003,버스택시과,15741,울산광역시 울주군
여천2교앞,35.53350661,129.3417342,버스택시과,63902,울산광역시 남구
여천동,35.51786975,129.3474632,버스택시과,31403,울산광역시 남구
여천동,35.51852429,129.3469212,버스택시과,31404,울산광역시 남구
연답,35.44244637,129.1730927,버스택시과,15720,울산광역시 울주군
연답,35.44238593,129.172942,버스택시과,15719,울산광역시 울주군
연동,35.60400647,129.2804195,버스택시과,21324,울산광역시 울주군
연동,35.60434054,129.2803308,버스택시과,21323,울산광역시 울주군
연산게이트볼장,35.34532058,129.296337,버스택시과,15972,울산광역시 울주군
연산게이트볼장,35.34530827,129.296599,버스택시과,15971,울산광역시 울주군
연산마을,35.34375059,129.2997288,버스택시과,15960,울산광역시 울주군
연산마을,35.34382442,129.2998284,버스택시과,15959,울산광역시 울주군
연암,35.58047781,129.3691833,버스택시과,19007,울산광역시 북구
연암,35.58024981,129.3691482,버스택시과,14703,울산광역시 북구
연암,35.5808479,129.3682912,버스택시과,14704,울산광역시 북구
연암동,35.58280045,129.3691743,버스택시과,26108,울산광역시 북구
연암동,35.58219868,129.3679297,버스택시과,26107,울산광역시 북구
연암배면교차로,35.57745914,129.3699756,버스택시과,26340,울산광역시 북구
연암배면교차로,35.57760898,129.369979,버스택시과,26339,울산광역시 북구
연암사거리,35.57607233,129.3631965,버스택시과,25904,울산광역시 북구
연암사거리,35.5767383,129.3629423,버스택시과,25903,울산광역시 북구
연암초등학교앞,35.58600031,129.3702034,버스택시과,26106,울산광역시 북구
연암초등학교앞,35.58714542,129.3699683,버스택시과,26105,울산광역시 북구
연지암입구,35.64240985,129.3653259,버스택시과,25513,울산광역시 북구
연지암입구,35.6423084,129.3655511,버스택시과,25514,울산광역시 북구
염포동,35.52830504,129.3963722,버스택시과,30631,울산광역시 북구
염포동,35.52873347,129.3962633,버스택시과,30632,울산광역시 북구
영남빌라,35.53148333,129.2957314,버스택시과,64703,울산광역시 남구
영남빌라,35.5315897,129.2957972,버스택시과,64704,울산광역시 남구
영남알프스타운,35.54368689,129.1073082,버스택시과,66511,울산광역시 울주군
영남알프스타운,35.54367048,129.1071686,버스택시과,66510,울산광역시 울주군
영묘사,35.40041768,129.3267136,버스택시과,67227,울산광역시 울주군
영묘사,35.40056702,129.3267634,버스택시과,67228,울산광역시 울주군
영산공업사,35.56058927,129.3692803,버스택시과,30611,울산광역시 북구
영축사지,35.53001554,129.2339158,버스택시과,65025,울산광역시 남구
영축사지,35.52989392,129.2339113,버스택시과,65026,울산광역시 남구
영해(섬암),35.52739484,129.2349083,버스택시과,65016,울산광역시 남구
영해노인회관,35.52730935,129.2410527,버스택시과,65011,울산광역시 남구
영해노인회관,35.52720713,129.2409656,버스택시과,65012,울산광역시 남구
영해마을,35.5255588,129.2451332,버스택시과,30508,울산광역시 울주군
영해마을,35.52555348,129.2448777,버스택시과,30507,울산광역시 울주군
영화루사거리,35.56506478,129.1222039,버스택시과,20616,울산광역시 울주군
영화루사거리,35.56498857,129.1220381,버스택시과,20615,울산광역시 울주군
오리밭들길,35.55696295,129.0778383,버스택시과,15336,울산광역시 울주군
오리밭들길,35.55704336,129.0782142,버스택시과,15335,울산광역시 울주군
오복마을,35.47500669,129.2195041,버스택시과,30517,울산광역시 울주군
오복마을,35.47413263,129.2194558,버스택시과,30518,울산광역시 울주군
오복회관,35.47359864,129.2215772,버스택시과,15726,울산광역시 울주군
오복회관,35.4734732,129.2215388,버스택시과,15725,울산광역시 울주군
오산마을입구,35.4440308,129.3005054,버스택시과,22320,울산광역시 울주군
오산마을입구,35.44387545,129.3003555,버스택시과,22321,울산광역시 울주군
오산회관,35.5853506,129.0833964,버스택시과,15307,울산광역시 울주군
오산회관,35.58546732,129.0832768,버스택시과,15308,울산광역시 울주군
오성아파트앞,35.54049808,129.2989348,버스택시과,74505,울산광역시 남구
오에스,35.58290095,129.3744743,버스택시과,26401,울산광역시 북구
"오토밸리로효성,에듀파크에뜰",35.64751943,129.3515441,버스택시과,71414,울산광역시 북구
"오토밸리로효성,에듀파크에뜰",35.6473174,129.3515634,버스택시과,71413,울산광역시 북구
오토밸리줌파크,35.65403509,129.348956,버스택시과,71411,울산광역시 북구
오토밸리줌파크,35.65398817,129.3490989,버스택시과,71412,울산광역시 북구
옥교동,35.55562965,129.323634,버스택시과,21403,울산광역시 중구
옥동,35.60805581,129.1449458,버스택시과,30330,울산광역시 울주군
옥동,35.60695837,129.1442076,버스택시과,30329,울산광역시 울주군
옥동공영주차장앞,35.53338667,129.294004,버스택시과,21901,울산광역시 남구
옥동중학교앞,35.53592284,129.2860387,버스택시과,40603,울산광역시 남구
옥동중학교앞,35.53606114,129.2831444,버스택시과,40604,울산광역시 남구
옥동초등학교,35.53403701,129.2958651,버스택시과,40607,울산광역시 남구
옥동초등학교,35.53413585,129.2972396,버스택시과,40610,울산광역시 남구
옥동초등학교후문,35.53555048,129.2981023,버스택시과,12412,울산광역시 남구
"옥동행정복지센터,울산대공원정문",35.53474737,129.2934145,버스택시과,40608,울산광역시 남구
"옥동행정복지센터,울산대공원정문",35.53453354,129.292821,버스택시과,40609,울산광역시 남구
옥동현대아파트앞,35.53984086,129.2902337,버스택시과,40915,울산광역시 남구
옥동현대아파트앞,35.53992408,129.2904517,버스택시과,40940,울산광역시 남구
옥성초등학교앞,35.55250827,129.3360308,버스택시과,24303,울산광역시 중구
옥성초등학교앞,35.55361134,129.3363509,버스택시과,24304,울산광역시 중구
옥천당,35.65860642,129.0724466,버스택시과,15249,울산광역시 울주군
옥천당,35.6586031,129.0726897,버스택시과,15248,울산광역시 울주군
옥천암입구,35.57824043,129.3835783,버스택시과,26332,울산광역시 북구
옥천암입구,35.57843813,129.3831097,버스택시과,26331,울산광역시 북구
옥현주공1단지,35.54496958,129.2616334,버스택시과,75604,울산광역시 남구
옥현주공1단지,35.54547394,129.261466,버스택시과,75603,울산광역시 남구
옥현주공2단지,35.54251864,129.2616351,버스택시과,75602,울산광역시 남구
옥현주공2단지,35.54299476,129.2614236,버스택시과,75601,울산광역시 남구
옥현주공2단지앞,35.54358597,129.2614181,버스택시과,30719,울산광역시 남구
옥현주공2단지앞,35.54324431,129.2616304,버스택시과,30720,울산광역시 남구
옥현주공3단지,35.53970415,129.259207,버스택시과,65004,울산광역시 남구
옥현주공3단지,35.54014455,129.2598442,버스택시과,65003,울산광역시 남구
옥현주공아파트앞,35.54509843,129.2644145,버스택시과,22402,울산광역시 남구
옥현주공아파트앞,35.5458478,129.2639061,버스택시과,22401,울산광역시 남구
옥현중학교,35.54099242,129.262677,버스택시과,64901,울산광역시 남구
옥현중학교,35.54112462,129.2610138,버스택시과,65005,울산광역시 남구
옥현중학교,35.54106662,129.2612238,버스택시과,65006,울산광역시 남구
옥현중학교,35.54082861,129.262571,버스택시과,64902,울산광역시 남구
"옥현초,철새홍보관",35.54955501,129.2785591,버스택시과,20902,울산광역시 남구
"옥현초,철새홍보관",35.54891767,129.2778876,버스택시과,20901,울산광역시 남구
온곡2구,35.34360147,129.2917832,버스택시과,15963,울산광역시 울주군
온곡2구,35.34347189,129.2918454,버스택시과,15964,울산광역시 울주군
온남초등학교,35.40654393,129.2882244,버스택시과,77827,울산광역시 울주군
온남초등학교,35.40544592,129.2895696,버스택시과,77825,울산광역시 울주군
온남초등학교,35.40535765,129.2896937,버스택시과,77826,울산광역시 울주군
온더웨이브호텔,35.35556385,129.3509435,버스택시과,23344,울산광역시 울주군
온더웨이브호텔,35.35567829,129.3508506,버스택시과,23345,울산광역시 울주군
온산농협,35.43353088,129.3122482,버스택시과,77706,울산광역시 울주군
온산농협,35.4334689,129.3120464,버스택시과,77707,울산광역시 울주군
온산문화체육센터,35.43803528,129.3146122,버스택시과,77734,울산광역시 울주군
온산문화체육센터,35.4380857,129.3144499,버스택시과,77735,울산광역시 울주군
온산수질개선사업소,35.41110117,129.3512403,버스택시과,15883,울산광역시 울주군
온산수질개선사업소,35.41108889,129.3515124,버스택시과,15884,울산광역시 울주군
온산수질개선사업소정문,35.41416396,129.3515022,버스택시과,15894,울산광역시 울주군
온산수질개선사업소정문,35.41400354,129.3512375,버스택시과,15893,울산광역시 울주군
온산우체국앞,35.43351645,129.3085582,버스택시과,31602,울산광역시 울주군
온산우체국앞,35.43335952,129.3080412,버스택시과,31601,울산광역시 울주군
온산우체국앞,35.43356772,129.3089992,버스택시과,31604,울산광역시 울주군
온산운동장앞,35.43458839,129.3017216,버스택시과,22309,울산광역시 울주군
온산운동장앞,35.43481144,129.3016014,버스택시과,22300,울산광역시 울주군
온산읍 행정복지센터,35.43402623,129.3131431,버스택시과,31605,울산광역시 울주군
온산읍 행정복지센터,35.43431299,129.3142232,버스택시과,31606,울산광역시 울주군
온산읍사무소,35.43452116,129.313796,버스택시과,77602,울산광역시 울주군
온산읍사무소,35.43449514,129.3136313,버스택시과,77601,울산광역시 울주군
온산중고등학교,35.44037307,129.3162834,버스택시과,77730,울산광역시 울주군
온산중고등학교,35.44043601,129.3162315,버스택시과,77729,울산광역시 울주군
온산중학교,35.44063664,129.3167449,버스택시과,77604,울산광역시 울주군
온산중학교,35.44073898,129.3166799,버스택시과,77603,울산광역시 울주군
온양농협앞,35.40988926,129.2841415,버스택시과,25404,울산광역시 울주군
온양농협앞,35.40975678,129.283918,버스택시과,25403,울산광역시 울주군
온양서희스타힐스,35.40971841,129.2933144,버스택시과,25421,울산광역시 울주군
온양서희스타힐스,35.4099258,129.2932632,버스택시과,25422,울산광역시 울주군
온양우체국,35.41706921,129.2816836,버스택시과,31516,울산광역시 울주군
온양읍행정복지센터,35.41976694,129.2807765,버스택시과,31513,울산광역시 울주군
온양이편한세상,35.45325291,129.2970444,버스택시과,23336,울산광역시 울주군
온양이편한세상,35.45311573,129.2970985,버스택시과,23335,울산광역시 울주군
온양체육공원,35.42701491,129.2806854,버스택시과,31523,울산광역시 울주군
온양체육공원,35.42743853,129.2807544,버스택시과,31524,울산광역시 울주군
온양하나로마트,35.40891686,129.2914123,버스택시과,25420,울산광역시 울주군
온양하나로마트,35.40883678,129.2912792,버스택시과,25419,울산광역시 울주군
온천장,35.2191224,129.0855313,버스운영과,57057,부산광역시
온천장,35.21722389,129.0834485,버스운영과,58117,부산광역시
온천장,35.21856812,129.0850554,버스운영과,57044,부산광역시
온천장,35.21754148,129.0842537,버스운영과,58121,부산광역시
온천장지하철역,35.22261544,129.0875705,버스운영과,57078,부산광역시
온천장지하철역,35.22201517,129.0867429,버스운영과,57077,부산광역시
"올림푸스,월드메르디앙",35.53024479,129.3032566,버스택시과,64805,울산광역시 남구
"올림푸스,월드메르디앙",35.53037969,129.303495,버스택시과,21909,울산광역시 남구
올림푸스아파트,35.53197519,129.3098456,버스택시과,31202,울산광역시 남구
올림푸스아파트4동,35.52959688,129.2996872,버스택시과,64803,울산광역시 남구
올림푸스아파트4동,35.52939248,129.2994575,버스택시과,21907,울산광역시 남구
올림푸스아파트앞,35.53168768,129.309917,버스택시과,31201,울산광역시 남구
옷밭,35.65488383,129.2341054,버스택시과,15240,울산광역시 울주군
옷밭,35.65478072,129.2340777,버스택시과,15239,울산광역시 울주군
와리,35.66909518,129.0790234,버스택시과,15290,울산광역시 울주군
와리,35.66918283,129.0790122,버스택시과,15289,울산광역시 울주군
와리입구,35.6660536,129.0778464,버스택시과,15375,울산광역시 울주군
와리입구,35.66592115,129.0778722,버스택시과,15374,울산광역시 울주군
와우시티교,35.63858021,129.3526539,버스택시과,25345,울산광역시 북구
와우시티교,35.63847458,129.3528716,버스택시과,25346,울산광역시 북구
와지,35.43726102,129.1759808,버스택시과,76805,울산광역시 울주군
와지,35.43723211,129.1758286,버스택시과,15723,울산광역시 울주군
와지공단,35.44011976,129.1647276,버스택시과,76810,울산광역시 울주군
왕걸,35.63015493,129.2881509,버스택시과,21311,울산광역시 울주군
왕걸,35.63004612,129.2882786,버스택시과,21312,울산광역시 울주군
왕바우,35.57799047,129.4327091,버스택시과,61310,울산광역시 북구
왕바우,35.57795798,129.4325861,버스택시과,61309,울산광역시 북구
왕방,35.51417527,129.1557021,버스택시과,24419,울산광역시 울주군
왕방,35.51425084,129.1556004,버스택시과,24420,울산광역시 울주군
왕방마을,35.51528977,129.1589253,버스택시과,24458,울산광역시 울주군
왕방입구,35.51446683,129.1564455,버스택시과,24456,울산광역시 울주군
왕방입구,35.5145535,129.1562605,버스택시과,24457,울산광역시 울주군
외고산마을입구,35.42903587,129.2750426,버스택시과,31528,울산광역시 울주군
외고산마을입구,35.42886599,129.2750323,버스택시과,31527,울산광역시 울주군
외고산옹기마을,35.43399865,129.2807993,버스택시과,31512,울산광역시 울주군
외고산옹기마을,35.43429002,129.2807273,버스택시과,31511,울산광역시 울주군
외골길,35.58178551,129.1373413,버스택시과,30474,울산광역시 울주군
외골길,35.58176431,129.1371395,버스택시과,30475,울산광역시 울주군
외광마을,35.43702622,129.241608,버스택시과,15907,울산광역시 울주군
외광마을,35.43724472,129.2414874,버스택시과,15908,울산광역시 울주군
외국인투자기업단지입구,35.50058373,129.3444561,버스택시과,23540,울산광역시 남구
외국인투자기업단지입구,35.50061805,129.3446609,버스택시과,23539,울산광역시 남구
외솔중학교,35.58473179,129.3432757,버스택시과,11451,울산광역시 중구
외솔중학교,35.58495403,129.3433152,버스택시과,11450,울산광역시 중구
외솔중학교,35.58455332,129.3424915,버스택시과,11400,울산광역시 중구
외솔중학교,35.58464445,129.3422652,버스택시과,11407,울산광역시 중구
외송마을,35.31236548,129.0728345,교통과,59244,양산시
외송마을,35.31227601,129.0726308,교통과,59243,양산시
외양,35.65347893,129.0651797,교통행정과,15296,경주시
외양,35.65348913,129.0650485,교통행정과,15295,경주시
외와,35.70069212,129.1153048,버스택시과,31824,울산광역시 울주군
외황로입구,35.46187751,129.3347653,버스택시과,15888,울산광역시 울주군
외황로입구,35.46165023,129.3347763,버스택시과,15887,울산광역시 울주군
용당마을,35.42722301,129.1888835,버스택시과,15922,울산광역시 울주군
용당마을,35.42709909,129.1887821,버스택시과,15921,울산광역시 울주군
용당마을,35.42734062,129.1835393,교통과,30536,양산시
용당마을,35.4273076,129.1832399,교통과,30535,양산시
용당입구,35.42764355,129.1833197,교통과,76909,양산시
용당입구,35.4277119,129.1834379,교통과,76910,양산시
용리,35.36726958,129.3242162,버스택시과,77512,울산광역시 울주군
용리,35.36730324,129.3242818,버스택시과,77511,울산광역시 울주군
용안사,35.41032081,129.3112149,버스택시과,67214,울산광역시 울주군
용안사,35.41020737,129.3113041,버스택시과,67213,울산광역시 울주군
용암마을,35.46945558,129.3163432,버스택시과,40114,울산광역시 울주군
용암마을,35.46927089,129.3157786,버스택시과,40113,울산광역시 울주군
용연,35.46935733,129.3728142,버스택시과,23523,울산광역시 남구
용연암,35.5565377,129.3451366,버스택시과,73001,울산광역시 중구
용연암,35.55656722,129.3452581,버스택시과,73002,울산광역시 중구
용연유수지,35.48016491,129.3335457,버스택시과,40138,울산광역시 울주군
용연초등학교,35.44867196,129.074442,교통과,59248,양산시
용연초등학교,35.44876436,129.0745726,교통과,59246,양산시
용연한국가스공사,35.47313013,129.3775205,버스택시과,23528,울산광역시 남구
용연한국가스공사,35.47329648,129.3776143,버스택시과,23527,울산광역시 남구
우가마을,35.59399527,129.4622812,버스택시과,27915,울산광역시 북구
우가마을,35.593928,129.4623917,버스택시과,27916,울산광역시 북구
우가축양장앞,35.60229799,129.4621469,버스택시과,27911,울산광역시 북구
우가축양장앞,35.60205212,129.4623651,버스택시과,27912,울산광역시 북구
우리마트,35.56376936,129.1278527,버스택시과,20626,울산광역시 울주군
우리마트,35.56364453,129.1277778,버스택시과,20625,울산광역시 울주군
우림음악학원,35.55442373,129.2615475,버스택시과,65302,울산광역시 울주군
우림음악학원,35.55454011,129.2615788,버스택시과,65301,울산광역시 울주군
우미린1차아파트,35.57528453,129.2410323,버스택시과,20421,울산광역시 울주군
우미린1차아파트,35.57624471,129.2408219,버스택시과,20422,울산광역시 울주군
우미린1차정문,35.57618314,129.2420728,버스택시과,20404,울산광역시 울주군
우미린1차정문,35.57597282,129.2421166,버스택시과,20409,울산광역시 울주군
우미린2차 푸르지오2차,35.57314942,129.2419171,버스택시과,20415,울산광역시 울주군
우미린2차 푸르지오2차,35.57426757,129.2416312,버스택시과,20416,울산광역시 울주군
우방아파트,35.63832227,129.3241587,버스택시과,14301,울산광역시 북구
우방아파트,35.53239156,129.3217272,버스택시과,64103,울산광역시 남구
우방아파트,35.63826235,129.323998,버스택시과,14302,울산광역시 북구
우방아파트앞,35.53375335,129.3346132,버스택시과,23602,울산광역시 남구
우방아파트앞,35.53347655,129.3345506,버스택시과,23601,울산광역시 남구
우성스마트시티뷰,35.55913647,129.1280357,버스택시과,30436,울산광역시 울주군
우성스마트시티뷰,35.55953789,129.12925,버스택시과,30467,울산광역시 울주군
우성현대아파트,35.48350086,129.4188516,버스택시과,25005,울산광역시 동구
우성현대아파트,35.48352048,129.4185696,버스택시과,25006,울산광역시 동구
우신고등학교,35.5384146,129.2522985,버스택시과,76504,울산광역시 남구
우신고등학교,35.53833831,129.2524304,버스택시과,76503,울산광역시 남구
우신고등학교입구,35.53752865,129.2549863,버스택시과,30717,울산광역시 남구
우신고등학교입구,35.53743484,129.2553219,버스택시과,30714,울산광역시 남구
우완1차,35.50769531,129.0807358,버스택시과,66415,울산광역시 울주군
우완2차,35.50919188,129.0787921,버스택시과,66416,울산광역시 울주군
우정2공영주차장,35.55549242,129.3149755,버스택시과,66701,울산광역시 중구
우정2공영주차장,35.55564494,129.3148084,버스택시과,66702,울산광역시 중구
우정공원앞,35.56061731,129.3114381,버스택시과,73704,울산광역시 중구
우정교회,35.55970223,129.3571846,버스택시과,14809,울산광역시 북구
우정동행정복지센터입구,35.55586922,129.3114468,버스택시과,21002,울산광역시 중구
우정동행정복지센터입구,35.55529493,129.3127628,버스택시과,66705,울산광역시 중구
우정동행정복지센터입구,35.55570989,129.3110546,버스택시과,21001,울산광역시 중구
우정선경1차아파트,35.55894111,129.3110724,버스택시과,73701,울산광역시 중구
우정선경1차아파트(종점),35.55906308,129.3109778,버스택시과,73703,울산광역시 중구
우정선경아파트,35.55817021,129.3123538,버스택시과,22704,울산광역시 중구
우정선경아파트앞,35.55741959,129.3103131,버스택시과,22703,울산광역시 중구
우정시장,35.55593536,129.3102522,버스택시과,63109,울산광역시 중구
우정아이파크,35.56055984,129.3102036,버스택시과,63202,울산광역시 중구
우정아이파크,35.56214853,129.309978,버스택시과,30921,울산광역시 중구
우정아이파크,35.56187498,129.3101,버스택시과,30922,울산광역시 중구
우주가든앞,35.54055204,129.3001994,버스택시과,40756,울산광역시 남구
우주가든앞,35.54062381,129.3006218,버스택시과,40771,울산광역시 남구
우주그린아파트앞,35.519763,129.3124183,버스택시과,12402,울산광역시 남구
우주아파트,35.40563623,129.286366,버스택시과,77822,울산광역시 울주군
우주아파트,35.40549561,129.2861907,버스택시과,77821,울산광역시 울주군
욱실,35.58526006,129.2246321,버스택시과,20743,울산광역시 울주군
욱실,35.58550644,129.2254993,버스택시과,20742,울산광역시 울주군
운해정사입구,35.50668189,129.2669553,버스택시과,15837,울산광역시 울주군
운해정사입구,35.50661267,129.2671628,버스택시과,15838,울산광역시 울주군
울산MBC,35.56296231,129.3335414,버스택시과,40513,울산광역시 중구
울산mbc,35.56170028,129.3321758,버스택시과,40514,울산광역시 중구
울산경제일자리진흥원,35.57153351,129.3610072,버스택시과,40336,울산광역시 북구
울산경제일자리진흥원,35.57196906,129.3605972,버스택시과,40335,울산광역시 북구
울산고등학교,35.56222869,129.3305538,버스택시과,73402,울산광역시 중구
울산고등학교,35.56272349,129.3298634,버스택시과,73401,울산광역시 중구
울산공고,35.54289767,129.314945,버스택시과,22802,울산광역시 남구
울산공고,35.54272899,129.3150271,버스택시과,22801,울산광역시 남구
울산공고정문,35.54341907,129.3168861,버스택시과,63606,울산광역시 남구
울산공항,35.59276622,129.3575055,버스택시과,40327,울산광역시 북구
울산공항,35.59235951,129.3580093,버스택시과,40328,울산광역시 북구
울산공항정문,35.59246757,129.3561384,버스택시과,40381,울산광역시 북구
울산과학고,35.59687799,129.0999864,버스택시과,15382,울산광역시 울주군
울산과학고,35.59703429,129.1000833,버스택시과,15381,울산광역시 울주군
울산과학기술원,35.57375317,129.1917766,버스택시과,40234,울산광역시 울주군
울산과학기술원(기점),35.57361235,129.1920729,버스택시과,40233,울산광역시 울주군
울산과학기술원(종점),35.57355437,129.1921174,버스택시과,40235,울산광역시 울주군
울산과학기술원입구,35.57204069,129.2000054,버스택시과,40229,울산광역시 울주군
울산과학기술원입구,35.57256035,129.2000445,버스택시과,40230,울산광역시 울주군
울산과학기술원정문,35.57229129,129.1949086,버스택시과,40232,울산광역시 울주군
울산과학기술원정문,35.57193713,129.1953332,버스택시과,40231,울산광역시 울주군
울산과학대,35.54062859,129.2571404,버스택시과,65505,울산광역시 남구
울산과학대학앞,35.53994658,129.257087,버스택시과,30711,울산광역시 남구
울산과학대학앞,35.49894605,129.4173728,버스택시과,27121,울산광역시 동구
울산과학대학앞,35.49901266,129.4175737,버스택시과,27122,울산광역시 동구
울산과학대학앞,35.4981401,129.4183381,버스택시과,13201,울산광역시 동구
울산과학대학앞,35.49849316,129.4189514,버스택시과,13202,울산광역시 동구
울산과학대학앞,35.53979985,129.2574403,버스택시과,30712,울산광역시 남구
울산교육청,35.56243947,129.3037928,버스택시과,30937,울산광역시 중구
울산교육청,35.56182934,129.3029022,버스택시과,30923,울산광역시 중구
울산교육청,35.56148387,129.3040651,버스택시과,30924,울산광역시 중구
울산교회앞,35.55908691,129.3278326,버스택시과,73305,울산광역시 중구
울산구치소,35.52865414,129.2589255,버스택시과,15803,울산광역시 울주군
울산구치소,35.52807362,129.2594906,버스택시과,15804,울산광역시 울주군
울산구치소입구,35.53195545,129.254413,버스택시과,66901,울산광역시 울주군
울산구치소입구,35.53173458,129.2546706,버스택시과,66902,울산광역시 울주군
울산국제물류센터,35.46408476,129.369446,버스택시과,23542,울산광역시 남구
울산기술공업고등학교,35.43721525,129.3083916,버스택시과,77703,울산광역시 울주군
울산기술공업고등학교앞,35.43767876,129.3066327,버스택시과,22303,울산광역시 울주군
울산기술공업고등학교앞,35.43778255,129.3068482,버스택시과,22304,울산광역시 울주군
울산기후위기대응교육센터,35.35893551,129.357333,버스택시과,23351,울산광역시 울주군
울산기후위기대응교육센터,35.3590625,129.3574054,버스택시과,23350,울산광역시 울주군
울산대공원 정문 로터리,35.53182413,129.2933795,버스택시과,21902,울산광역시 남구
울산대공원 정문 로터리(종점),35.53180743,129.2934429,버스택시과,21904,울산광역시 남구
울산대공원남문,35.52611505,129.2858254,버스택시과,22409,울산광역시 남구
울산대공원남문,35.52673188,129.2839984,버스택시과,22410,울산광역시 남구
울산대공원동문앞,35.53092379,129.3076464,버스택시과,64810,울산광역시 남구
울산대공원정문,35.53244181,129.2938297,버스택시과,64701,울산광역시 남구
울산대학교병원,35.51928527,129.4299326,버스택시과,60201,울산광역시 동구
울산대학교병원,35.51960081,129.4297101,버스택시과,60202,울산광역시 동구
울산대학교앞,35.54285132,129.2594616,버스택시과,30707,울산광역시 남구
울산대학교앞,35.54375518,129.2603063,버스택시과,30708,울산광역시 남구
울산대학교후문,35.54681272,129.2619814,버스택시과,30706,울산광역시 남구
울산대학교후문,35.54618549,129.2611328,버스택시과,30705,울산광역시 남구
울산도서관,35.53413442,129.345604,버스택시과,63903,울산광역시 남구
울산도서관,35.53376466,129.3449141,버스택시과,63907,울산광역시 남구
울산미즈병원,35.55250163,129.2696369,버스택시과,30930,울산광역시 남구
"울산박물관,울산대공원동문앞",35.53062164,129.3081801,버스택시과,31301,울산광역시 남구
"울산박물관,울산대공원동문앞",35.53079186,129.3083858,버스택시과,31302,울산광역시 남구
울산번개시장앞,35.52173789,129.3357996,버스택시과,31214,울산광역시 남구
울산번개시장앞,35.52165864,129.3354601,버스택시과,31213,울산광역시 남구
울산병원,35.54615356,129.3221912,버스택시과,63513,울산광역시 남구
울산병원,35.54612971,129.3221014,버스택시과,63512,울산광역시 남구
울산북부경찰서,35.59799614,129.3711176,버스택시과,40362,울산광역시 북구
울산산업고등학교,35.55374855,129.1176664,버스택시과,30105,울산광역시 울주군
울산산업고등학교,35.55376983,129.1180324,버스택시과,15425,울산광역시 울주군
울산산업고등학교,35.55380091,129.1182611,버스택시과,15426,울산광역시 울주군
울산상업 고등학교,35.55862399,129.2544437,버스택시과,40220,울산광역시 울주군
울산세관입구,35.52767837,129.3264885,버스택시과,74903,울산광역시 남구
울산세관입구,35.52810337,129.3257486,버스택시과,12507,울산광역시 남구
울산세관입구,35.52767793,129.3263166,버스택시과,74904,울산광역시 남구
울산세무서,35.53603451,129.3463707,버스택시과,23203,울산광역시 남구
울산세무서,35.53628736,129.3463422,버스택시과,23204,울산광역시 남구
울산송정푸르지오,35.59972747,129.3705603,버스택시과,40391,울산광역시 북구
울산시립미술관,35.55744577,129.3228782,버스택시과,21007,울산광역시 중구
울산시립미술관,35.55756433,129.3197638,버스택시과,63117,울산광역시 중구
울산시립미술관,35.55744874,129.3223197,버스택시과,21008,울산광역시 중구
울산시외버스터미널,35.53687061,129.3388781,버스택시과,31723,울산광역시 남구
울산신항,35.46262087,129.3642633,버스택시과,23548,울산광역시 남구
울산안전체험관입구,35.62048004,129.44371,버스택시과,26373,울산광역시 북구
울산안전체험관입구,35.61964338,129.4440662,버스택시과,26374,울산광역시 북구
울산알루미늄정문,35.53370952,129.3717154,버스택시과,24017,울산광역시 남구
울산알루미늄정문,35.53445424,129.3713143,버스택시과,24018,울산광역시 남구
울산알루미늄후문,35.53879558,129.3667815,버스택시과,24016,울산광역시 남구
울산알루미늄후문,35.53865676,129.3666108,버스택시과,24015,울산광역시 남구
울산암각화박물관,35.60858511,129.1700888,버스택시과,30362,울산광역시 울주군
울산역,35.55114524,129.138875,버스택시과,15416,울산광역시 울주군
울산역 지하차도앞,35.55727346,129.1306004,버스택시과,30460,울산광역시 울주군
울산역(343 삼남방면),35.55167461,129.1389122,버스택시과,15419,울산광역시 울주군
울산역(가상),35.54613842,129.1469626,버스택시과,,울산광역시 울주군
울산역(가상),35.5477027,129.1436222,버스택시과,,울산광역시 울주군
울산역(시내 방면),35.55161809,129.1389054,버스택시과,15414,울산광역시 울주군
울산역(언양 방면),35.55172615,129.1389094,버스택시과,15429,울산광역시 울주군
울산역(종점),35.55119682,129.1388802,버스택시과,15415,울산광역시 울주군
울산온천,35.40806359,129.2948016,버스택시과,25408,울산광역시 울주군
울산온천,35.4079554,129.2946088,버스택시과,25407,울산광역시 울주군
울산우편집중국앞,35.57347167,129.356534,버스택시과,14820,울산광역시 북구
울산우편집중국앞,35.57369618,129.3568309,버스택시과,14819,울산광역시 북구
울산전시컨벤션센터(UECO),35.55580327,129.1328297,버스택시과,30469,울산광역시 울주군
울산전시컨벤션센터(UECO),35.55663693,129.1319779,버스택시과,30468,울산광역시 울주군
울산전철변전소,35.70410781,129.1836152,버스택시과,31829,울산광역시 울주군
울산전철변전소,35.70421545,129.1835541,버스택시과,31830,울산광역시 울주군
울산축산회관,35.56611414,129.1176248,버스택시과,20310,울산광역시 울주군
울산축산회관,35.56612257,129.1174497,버스택시과,20311,울산광역시 울주군
울산컨트리클럽앞,35.43671569,129.1904834,버스택시과,30529,울산광역시 울주군
울산컨트리클럽앞,35.43651219,129.1906486,버스택시과,30530,울산광역시 울주군
울산테크노파크,35.56272768,129.2805896,버스택시과,11421,울산광역시 중구
울산테크노파크,35.56264047,129.2814898,버스택시과,11420,울산광역시 중구
울산해양경찰서,35.52099142,129.3153019,버스택시과,23809,울산광역시 남구
울산해양경찰서,35.52109549,129.3147158,버스택시과,23806,울산광역시 남구
울산해양경찰서부두,35.50109243,129.3717031,버스택시과,24805,울산광역시 남구
울산해양경찰서부두,35.50117789,129.371441,버스택시과,24806,울산광역시 남구
울산화력본부앞,35.48020665,129.3791895,버스택시과,23530,울산광역시 남구
울산화력본부앞,35.48013922,129.3793089,버스택시과,23529,울산광역시 남구
울주군국민체육센터,35.57491102,129.2433691,버스택시과,20429,울산광역시 울주군
울주군국민체육센터,35.57494483,129.2435406,버스택시과,20428,울산광역시 울주군
울주군립도서관,35.4133854,129.2774379,버스택시과,77808,울산광역시 울주군
울주군립도서관,35.41343352,129.2771555,버스택시과,77807,울산광역시 울주군
울주군보건소,35.55878081,129.1146332,버스택시과,66605,울산광역시 울주군
울주군보건소,35.55891172,129.1147036,버스택시과,66606,울산광역시 울주군
울주군청,35.52178932,129.2432278,버스택시과,30585,울산광역시 울주군
울주군청,35.52214116,129.2435683,버스택시과,30586,울산광역시 울주군
울주군청정문,35.52319549,129.2423368,버스택시과,30588,울산광역시 울주군
울주군청정문,35.5233235,129.2423735,버스택시과,30587,울산광역시 울주군
울주도서관,35.55805256,129.1372683,교통행정과,30409,울산광역시 울주군
울주도서관,35.55820218,129.1372536,교통행정과,30410,울산광역시 울주군
울주보건소,35.55835256,129.113487,버스택시과,41268,울산광역시 울주군
울주종합체육센터,35.55465942,129.1070717,버스택시과,15430,울산광역시 울주군
울주종합체육센터(종점),35.55469178,129.1068961,교통행정과,15433,울산광역시 울주군
웃강양,35.3938886,129.3395368,교통행정과,67234,울산광역시 울주군
웃강양,35.39385973,129.3393766,버스택시과,67233,울산광역시 울주군
웃마산,35.5387662,129.1155466,버스택시과,15405,울산광역시 울주군
웃마산,35.53858821,129.1155474,버스택시과,66503,울산광역시 울주군
웅비공업지구,35.43429955,129.1903285,교통과,30532,양산시
웅비공업지구,35.43350458,129.1899219,교통과,30531,양산시
웅상도서관,35.38959441,129.1571948,교통과,30560,양산시
웅상도서관,35.38987939,129.1570946,교통과,30559,양산시
웅상도서관(가상),35.38987939,129.1570946,교통과,0,양산시
웅상문화체육센터앞,35.39660143,129.1606368,교통과,30599,양산시
웅상문화체육센터입구,35.39755916,129.1612501,교통과,30555,양산시
웅진빌라,35.55969153,129.3463952,버스택시과,72903,울산광역시 중구
웅진빌라,35.5601147,129.3461979,버스택시과,72904,울산광역시 중구
웅촌,35.46405392,129.2087556,버스택시과,30520,울산광역시 울주군
웅촌,35.46422266,129.2086445,버스택시과,30519,울산광역시 울주군
웅촌LH아파트,35.45757811,129.1926517,버스택시과,15744,울산광역시 울주군
웅촌LH아파트,35.45763603,129.1925131,버스택시과,15745,울산광역시 울주군
웅촌농협,35.46596283,129.2095187,버스택시과,76604,울산광역시 울주군
웅촌농협,35.46584908,129.2095299,버스택시과,76603,울산광역시 울주군
웅촌면사무소,35.46155212,129.2067462,버스택시과,65707,울산광역시 울주군
웅촌면사무소앞,35.46181063,129.2083841,버스택시과,65705,울산광역시 울주군
웅촌면행정복지센터,35.46182038,129.2089742,버스택시과,65708,울산광역시 울주군
웅촌목욕탕,35.46222267,129.2052318,버스택시과,65703,울산광역시 울주군
웅촌목욕탕,35.46232257,129.2052687,버스택시과,65704,울산광역시 울주군
웅촌초등학교,35.46463282,129.2082664,버스택시과,76606,울산광역시 울주군
웅촌초등학교,35.46462836,129.2084432,버스택시과,76605,울산광역시 울주군
원동마을,35.45866581,129.290309,버스택시과,31506,울산광역시 울주군
원동마을,35.45910209,129.2900829,버스택시과,31505,울산광역시 울주군
원동현대아파트,35.63279224,129.3452342,버스택시과,40321,울산광역시 북구
원동현대아파트,35.63324647,129.3454098,버스택시과,40322,울산광역시 북구
원연암마을,35.57387749,129.363486,버스택시과,25907,울산광역시 북구
원연암마을,35.57398024,129.3637027,버스택시과,25908,울산광역시 북구
원지마을입구,35.6082582,129.3547868,버스택시과,25320,울산광역시 북구
원지마을입구,35.60884294,129.3549704,버스택시과,25319,울산광역시 북구
원평마을,35.6090689,129.1275173,버스택시과,15119,울산광역시 울주군
원평마을,35.60908688,129.1276764,버스택시과,15120,울산광역시 울주군
원평마을앞,35.60863354,129.1281799,버스택시과,15125,울산광역시 울주군
월내,35.32639629,129.276875,버스운영과,67001,부산광역시
월내,35.32662382,129.2770661,버스운영과,67002,부산광역시
월내농협,35.32776099,129.2791765,버스운영과,67004,부산광역시
월내농협,35.32768571,129.2792975,버스운영과,67003,부산광역시
월내초,35.32925007,129.2819481,버스운영과,67005,부산광역시
월내초,35.3294229,129.2818489,버스운영과,15969,부산광역시
월드메르디앙,35.55625035,129.2602514,버스택시과,75901,울산광역시 울주군
월드메르디앙,35.55591756,129.2598107,버스택시과,75902,울산광역시 울주군
"월드메르디앙1,2단지후문",35.64105221,129.3603416,버스택시과,71602,울산광역시 북구
"월드메르디앙1,2단지후문",35.64121155,129.3601987,버스택시과,71601,울산광역시 북구
"월드메르디앙1,2정문",35.64291331,129.3601453,버스택시과,61601,울산광역시 북구
"월드메르디앙1,2정문",35.6430097,129.3603375,버스택시과,61602,울산광역시 북구
월드메르디앙1단지,35.64050558,129.3586709,버스택시과,14103,울산광역시 북구
월드메르디앙1단지,35.64011874,129.359927,버스택시과,14104,울산광역시 북구
월드메르디앙2단지,35.64129028,129.3576381,버스택시과,14102,울산광역시 북구
월드메르디앙2단지,35.64107562,129.3575573,버스택시과,14101,울산광역시 북구
월봉시장,35.49481896,129.4236285,버스택시과,61006,울산광역시 동구
월봉시장,35.4949544,129.4231408,버스택시과,61005,울산광역시 동구
월성원자력사택,35.69663921,129.4732274,교통행정과,2128,경주시
월성원자력사택,35.69680793,129.472968,교통행정과,2126,경주시
월성원자력홍보관,35.70183365,129.47051,교통행정과,2193,경주시
월성원자력홍보관,35.70194205,129.4700577,교통행정과,2194,경주시
월정사입구,35.49774196,129.4235444,버스택시과,26904,울산광역시 동구
월정사입구,35.49800698,129.423498,버스택시과,26903,울산광역시 동구
월평고개(가상),35.36459259,129.1453792,교통과,0,양산시
월평고개(가상),35.36444582,129.1449272,교통과,0,양산시
월평삼거리,35.3584929,129.141081,버스운영과,30577,부산광역시
월평삼거리,35.35842194,129.1414047,버스운영과,30578,부산광역시
월평회관,35.69531297,129.2121166,버스택시과,15211,울산광역시 울주군
월평회관,35.69528041,129.212298,버스택시과,15212,울산광역시 울주군
웰빙숲체험마을,35.58998189,129.4247013,버스택시과,26376,울산광역시 북구
웰빙숲체험마을,35.59010419,129.4245716,버스택시과,26377,울산광역시 북구
위곡,35.37347548,129.3013688,버스택시과,77414,울산광역시 울주군
위기지,35.4284201,129.2611039,버스택시과,15925,울산광역시 울주군
위기지,35.42865109,129.2606783,버스택시과,15926,울산광역시 울주군
위드아파트,35.41558994,129.274614,버스택시과,77809,울산광역시 울주군
위드아파트,35.41558053,129.274922,버스택시과,77810,울산광역시 울주군
윗동골,35.69237557,129.0570626,교통행정과,3194,경주시
윗동골,35.69237572,129.0572519,교통행정과,3195,경주시
윗우가마을,35.59754387,129.462973,버스택시과,27914,울산광역시 북구
윗우가마을,35.5975659,129.4628334,버스택시과,27913,울산광역시 북구
윗중리,35.67505291,129.0517431,교통행정과,3198,경주시
윗중리,35.67507499,129.0518975,교통행정과,3199,경주시
유곡교,35.56025864,129.2996207,버스택시과,63121,울산광역시 중구
유곡중학교,35.55869733,129.3011183,버스택시과,63101,울산광역시 중구
유곡중학교,35.55880927,129.3012139,버스택시과,63102,울산광역시 중구
유곡푸르지오,35.55939392,129.3053795,버스택시과,63118,울산광역시 중구
유곡푸르지오,35.55925843,129.3054178,버스택시과,63116,울산광역시 중구
유기동물보호센터,35.39091163,129.2862594,버스택시과,77819,울산광역시 울주군
유기동물보호센터,35.39100742,129.2864354,버스택시과,77820,울산광역시 울주군
유림아파트앞,35.48773171,129.2961799,버스택시과,24622,울산광역시 울주군
유림아파트앞,35.4877693,129.2952198,버스택시과,24621,울산광역시 울주군
유마트,35.47954899,129.4122415,버스택시과,70514,울산광역시 동구
유마트,35.47967581,129.412345,버스택시과,70513,울산광역시 동구
유아교육진흥원,35.6049282,129.3538437,버스택시과,40324,울산광역시 북구
유아교육진흥원,35.60453949,129.3536033,버스택시과,40323,울산광역시 북구
유지터,35.68700771,129.2273038,버스택시과,15219,울산광역시 울주군
유지터,35.68707538,129.2274301,버스택시과,15220,울산광역시 울주군
유촌입구,35.66538548,129.173732,버스택시과,30309,울산광역시 울주군
유촌입구,35.66514486,129.1738451,버스택시과,30310,울산광역시 울주군
유촌회관,35.66350157,129.1801182,버스택시과,30396,울산광역시 울주군
유촌회관,35.66352073,129.1796826,버스택시과,30398,울산광역시 울주군
유황사우나,35.6285842,129.3577276,버스택시과,25326,울산광역시 북구
윤영테크,35.56667308,129.3788352,버스택시과,26406,울산광역시 북구
율동위드유앞,35.56140315,129.3780351,버스택시과,30668,울산광역시 북구
율리,35.53072727,129.2485281,버스택시과,0,울산광역시 울주군
율리공영차고지,35.52952037,129.2468634,버스택시과,30504,울산광역시 울주군
율리공영차고지종점,35.52961471,129.246955,버스택시과,30503,울산광역시 울주군
율림,35.63826924,129.2243751,버스택시과,15339,울산광역시 울주군
율림,35.63757627,129.2242797,버스택시과,15360,울산광역시 울주군
율전재,35.52720795,129.4326728,버스택시과,60209,울산광역시 동구
율전재,35.52711423,129.4328336,버스택시과,60200,울산광역시 동구
율현마을,35.50961256,129.236668,버스택시과,30511,울산광역시 울주군
율현마을,35.50924019,129.2368257,버스택시과,30512,울산광역시 울주군
은월아파트앞,35.54015334,129.3027956,버스택시과,40770,울산광역시 남구
은월아파트앞,35.53998994,129.3029673,버스택시과,40757,울산광역시 남구
은진빌라,35.50851595,129.0816549,버스택시과,66417,울산광역시 울주군
은진빌라,35.50855854,129.0819346,버스택시과,66412,울산광역시 울주군
은편삼거리,35.63412113,129.2187683,버스택시과,20725,울산광역시 울주군
은편삼거리,35.63431012,129.218856,버스택시과,20726,울산광역시 울주군
은편중리,35.63628829,129.2174947,버스택시과,20723,울산광역시 울주군
은편중리,35.63605316,129.2177651,버스택시과,20724,울산광역시 울주군
은편하리회관,35.6388874,129.2162455,버스택시과,20721,울산광역시 울주군
은편하리회관,35.63888919,129.2164016,버스택시과,20722,울산광역시 울주군
은하,35.45762116,129.1671616,버스택시과,41283,울산광역시 울주군
은하,35.45762618,129.1670348,버스택시과,41294,울산광역시 울주군
음지,35.70318871,129.1633626,버스택시과,31815,울산광역시 울주군
음지,35.70334655,129.1632829,버스택시과,31816,울산광역시 울주군
읍천,35.69267272,129.473202,교통행정과,2132,경주시
"읍천,읍천항",35.69102743,129.4729091,교통행정과,2133,경주시
읍천항,35.68952589,129.4740117,교통행정과,2186,경주시
이마트앞,35.53969558,129.3473691,버스택시과,40423,울산광역시 남구
"이마트앞,울산통계청",35.53775796,129.3473803,버스택시과,25105,울산광역시 남구
"이마트앞,울산통계청",35.53999624,129.3471214,버스택시과,40428,울산광역시 남구
"이마트앞,울산통계청",35.53965421,129.3489998,버스택시과,40425,울산광역시 남구
"이마트앞,울산통계청",35.53779486,129.3477016,버스택시과,74404,울산광역시 남구
이손요양병원,35.50614722,129.0911935,버스택시과,66304,울산광역시 울주군
이손요양병원,35.50624511,129.0911025,버스택시과,66303,울산광역시 울주군
이영산업기계,35.43764726,129.351219,버스택시과,15867,울산광역시 울주군
이영산업기계,35.43742221,129.3514855,버스택시과,15868,울산광역시 울주군
이전마을,35.64328816,129.2280354,버스택시과,15315,울산광역시 울주군
이전마을,35.64351495,129.2281184,버스택시과,15292,울산광역시 울주군
이지정문,35.46896692,129.3559754,버스택시과,23526,울산광역시 남구
이지정문,35.46869188,129.3555249,버스택시과,23525,울산광역시 남구
이진마을,35.42881687,129.3512176,버스택시과,15853,울산광역시 울주군
이진마을입구,35.42795534,129.3512234,버스택시과,15869,울산광역시 울주군
이진마을입구,35.42850785,129.3514903,버스택시과,15870,울산광역시 울주군
이진빌라,35.53236459,129.3178292,버스택시과,23401,울산광역시 남구
이천마을입구,35.5443984,129.0133058,버스택시과,30259,울산광역시 울주군
이천마을입구,35.54379212,129.0135624,버스택시과,30256,울산광역시 울주군
이천분교,35.5404709,129.0128245,버스택시과,30261,울산광역시 울주군
이천분교,35.54137281,129.0132893,버스택시과,30262,울산광역시 울주군
이화마을,35.66170871,129.3393436,버스택시과,40312,울산광역시 북구
이화마을,35.66165809,129.3391081,버스택시과,40311,울산광역시 북구
인보,35.64292062,129.1605444,버스택시과,30316,울산광역시 울주군
인보,35.6433114,129.1591911,버스택시과,30315,울산광역시 울주군
인정뜰,35.47514228,129.1380923,버스택시과,24387,울산광역시 울주군
인정뜰,35.47526628,129.1382117,버스택시과,24388,울산광역시 울주군
일산새마을금고,35.50269009,129.427692,버스택시과,60812,울산광역시 동구
일산새마을금고,35.50282413,129.4277414,버스택시과,60811,울산광역시 동구
일산새마을금고앞,35.48494482,129.413645,버스택시과,26502,울산광역시 동구
일산새마을금고앞,35.4841682,129.4128638,버스택시과,26501,울산광역시 동구
일산해수욕장,35.49622157,129.4273823,버스택시과,24233,울산광역시 동구
일산해수욕장,35.49774379,129.4280135,버스택시과,24234,울산광역시 동구
일산해수욕장입구,35.49757661,129.4253095,버스택시과,13205,울산광역시 동구
일산해수욕장입구,35.4970895,129.4270572,버스택시과,13206,울산광역시 동구
일신스토어,35.55785761,129.3157407,버스택시과,73602,울산광역시 중구
일신아파트앞,35.57041617,129.2391023,버스택시과,20406,울산광역시 울주군
일신아파트앞,35.57015177,129.2387044,버스택시과,20405,울산광역시 울주군
일신정밀,35.6459639,129.3635381,버스택시과,25512,울산광역시 북구
일신정밀,35.64585846,129.3634139,버스택시과,25511,울산광역시 북구
일지리버아파트,35.63900149,129.338662,버스택시과,14310,울산광역시 북구
일지리버아파트,35.63874481,129.3386315,버스택시과,14309,울산광역시 북구
임기마을(가상),35.32224887,129.1151255,교통과,0,양산시
임기마을(가상),35.32248489,129.1163136,교통과,0,양산시
입암,35.57243172,129.225533,버스택시과,40209,울산광역시 울주군
입암,35.573668,129.2235254,버스택시과,40210,울산광역시 울주군
자동차검사소,35.51933782,129.3447446,버스택시과,31401,울산광역시 남구
자동차부품혁신센터,35.65000495,129.3635095,버스택시과,25501,울산광역시 북구
자동차부품혁신센터,35.64986522,129.36327,버스택시과,25502,울산광역시 북구
자동차선적장1,35.52358671,129.3914777,버스택시과,24254,울산광역시 북구
자동차선적장2,35.52446482,129.3912307,버스택시과,24253,울산광역시 북구
자수정동굴나라,35.54415092,129.0929056,버스택시과,15389,울산광역시 울주군
자수정동굴나라,35.54414413,129.0926478,버스택시과,15388,울산광역시 울주군
자수정동굴입구,35.55326619,129.0931521,버스택시과,15327,울산광역시 울주군
자수정동굴입구,35.55244,129.0939438,버스택시과,15328,울산광역시 울주군
자연장지,35.46982584,129.1362853,버스택시과,24389,울산광역시 울주군
자연장지,35.46972696,129.136461,버스택시과,24390,울산광역시 울주군
자유무역지구,35.47879097,129.3266151,버스택시과,40137,울산광역시 울주군
자유무역지역게이트,35.48056111,129.3277882,버스택시과,40140,울산광역시 울주군
작동마을,35.51248672,129.1859528,버스택시과,24435,울산광역시 울주군
작동마을,35.51251873,129.1860565,버스택시과,24436,울산광역시 울주군
작천교,35.5485267,129.1082896,버스택시과,15333,울산광역시 울주군
작천교,35.54884841,129.108942,버스택시과,15334,울산광역시 울주군
작천정,35.55086543,129.1023041,버스택시과,15332,울산광역시 울주군
작천정,35.55072899,129.1024918,버스택시과,15331,울산광역시 울주군
작천정다목적광장,35.54906723,129.1056871,버스택시과,15392,울산광역시 울주군
작천정다목적광장,35.54884004,129.1056674,버스택시과,15391,울산광역시 울주군
작천정입구,35.55052093,129.1167873,버스택시과,30108,울산광역시 울주군
작천정입구,35.55034523,129.1164788,버스택시과,30107,울산광역시 울주군
장검중학교,35.55411421,129.2529625,버스택시과,65113,울산광역시 남구
장검중학교,35.55426127,129.2533972,버스택시과,65112,울산광역시 남구
장미아파트,35.56324673,129.326291,버스택시과,63001,울산광역시 중구
장생포,35.50978428,129.3673751,버스택시과,24801,울산광역시 남구
장생포,35.50961835,129.3672215,버스택시과,24802,울산광역시 남구
장생포고래박물관,35.5032444,129.3806087,버스택시과,24811,울산광역시 남구
장생포고래박물관,35.50377224,129.3821841,버스택시과,24812,울산광역시 남구
장생포복지문화센터,35.50244402,129.3775165,버스택시과,24809,울산광역시 남구
장생포복지문화센터,35.50283016,129.3778436,버스택시과,24810,울산광역시 남구
장생포초등학교,35.5027861,129.3676228,버스택시과,24803,울산광역시 울주군
장생포초등학교,35.50242388,129.3683039,버스택시과,24804,울산광역시 남구
장생포치안센터,35.50183992,129.3750149,버스택시과,24808,울산광역시 남구
장생포치안센터,35.5017333,129.375378,버스택시과,24807,울산광역시 남구
장성,35.64136419,129.214313,버스택시과,20720,울산광역시 울주군
장성,35.64135733,129.2141374,버스택시과,20719,울산광역시 울주군
장성,35.61233438,129.0734923,버스택시과,30212,울산광역시 울주군
장성,35.61213807,129.0735072,버스택시과,30211,울산광역시 울주군
장성마을,35.64848103,129.2122485,버스택시과,15247,울산광역시 울주군
장수나무,35.43060084,129.3066033,버스택시과,22308,울산광역시 울주군
장수나무,35.43052009,129.3064681,버스택시과,22307,울산광역시 울주군
장애인종합복지관,35.57731119,129.3217602,버스택시과,72505,울산광역시 중구
장애인종합복지관,35.57724918,129.321906,버스택시과,72506,울산광역시 중구
장제마을,35.52583487,129.0838998,버스택시과,31421,울산광역시 울주군
장제마을,35.52563998,129.0839664,버스택시과,31420,울산광역시 울주군
장제회관,35.52453874,129.0826751,버스택시과,30147,울산광역시 울주군
장제회관,35.52456266,129.0825403,버스택시과,30150,울산광역시 울주군
장천마을,35.61843545,129.1643222,버스택시과,30367,울산광역시 울주군
장천마을,35.61835167,129.1644169,버스택시과,30368,울산광역시 울주군
장촌,35.54904624,129.1517227,버스택시과,30415,울산광역시 울주군
장촌,35.54912221,129.1522191,버스택시과,30416,울산광역시 울주군
장촌상리,35.54979522,129.1488591,버스택시과,30413,울산광역시 울주군
장촌상리,35.54993784,129.1486849,버스택시과,30414,울산광역시 울주군
전원타운,35.54955974,129.2928339,버스택시과,21223,울산광역시 중구
전원타운,35.54968465,129.292881,버스택시과,21224,울산광역시 중구
전읍,35.66273742,129.1726967,버스택시과,30312,울산광역시 울주군
전읍,35.66246409,129.172323,버스택시과,30311,울산광역시 울주군
전하1동행정복지센터,35.51731928,129.4318874,버스택시과,24221,울산광역시 동구
전하1동행정복지센터,35.51785655,129.4319377,버스택시과,24222,울산광역시 동구
전하2동행정복지센터,35.50898344,129.4268093,버스택시과,60503,울산광역시 동구
전하2동행정복지센터,35.50907625,129.4269445,버스택시과,60504,울산광역시 동구
전하E편한세상,35.51285019,129.4252411,버스택시과,60405,울산광역시 동구
전하E편한세상,35.51274633,129.4252573,버스택시과,60406,울산광역시 동구
전하E편한세상,35.51163943,129.4249928,버스택시과,70533,울산광역시 동구
전하E편한세상,35.5116397,129.4248437,버스택시과,70534,울산광역시 동구
전하시장,35.51239074,129.4297552,버스택시과,60404,울산광역시 동구
전하시장,35.51228879,129.4296285,버스택시과,60403,울산광역시 동구
전하시장앞,35.51511153,129.4322545,버스택시과,24223,울산광역시 동구
전하시장앞,35.51593469,129.432486,버스택시과,24224,울산광역시 동구
전하아이파크,35.51041174,129.4217787,버스택시과,27114,울산광역시 동구
전하아이파크,35.50969529,129.4246867,버스택시과,70531,울산광역시 동구
전하아이파크,35.50970354,129.4245564,버스택시과,70532,울산광역시 동구
전하아이파크,35.51012403,129.4213768,버스택시과,27113,울산광역시 동구
전하인쇄사,35.5054052,129.4278668,버스택시과,70502,울산광역시 동구
전하인쇄사,35.50530444,129.4278362,버스택시과,70501,울산광역시 동구
전하체육센터,35.51332234,129.4217618,버스택시과,60408,울산광역시 동구
전하체육센터,35.51340672,129.4219792,버스택시과,60407,울산광역시 동구
전하후생관,35.51525765,129.4253998,버스택시과,60302,울산광역시 동구
전하후생관,35.51523083,129.4255294,버스택시과,60301,울산광역시 동구
점주가든,35.57192393,129.3007836,버스택시과,62106,울산광역시 중구
점주가든,35.57195989,129.3009237,버스택시과,62105,울산광역시 중구
점태골,35.73703223,129.0600902,교통행정과,3209,경주시
점태골,35.73726561,129.0600239,교통행정과,3208,경주시
정거리,35.5936503,129.1343201,버스택시과,30339,울산광역시 울주군
정거리,35.59412602,129.1346789,버스택시과,30340,울산광역시 울주군
정거리마을,35.59547901,129.1332396,버스택시과,30370,울산광역시 울주군
정거리마을,35.5956094,129.1333267,버스택시과,30371,울산광역시 울주군
정골오거리,35.53750338,129.2524853,버스택시과,76501,울산광역시 남구
정광사,35.54634455,129.2831604,버스택시과,22610,울산광역시 남구
정광사,35.54621743,129.282855,교통과,22609,울산광역시 남구
정광사입구,35.54850235,129.2837508,버스택시과,22008,울산광역시 남구
정광사입구,35.5474633,129.2826871,버스택시과,22612,울산광역시 남구
정광사입구,35.54736634,129.2824426,버스택시과,22611,울산광역시 남구
정광사입구,35.5489616,129.2822044,버스택시과,22007,울산광역시 남구
"정립탑스빌,센트리지",35.55870597,129.3258954,버스택시과,21009,울산광역시 중구
"정립탑스빌,센트리지",35.55893555,129.3264642,버스택시과,21010,울산광역시 중구
정수장,35.53002072,129.4092194,버스택시과,24203,울산광역시 동구
정수장,35.53038114,129.4093103,버스택시과,24204,울산광역시 동구
정안요양병원,35.65397586,129.3139006,버스택시과,14219,울산광역시 북구
정원숯불 중리,35.67321981,129.052421,교통행정과,3211,경주시
정원숯불 중리,35.67323783,129.0525715,교통행정과,3210,경주시
정자,35.61555053,129.4475349,버스택시과,26345,울산광역시 북구
정자,35.61536685,129.4477752,버스택시과,26318,울산광역시 북구
정자사거리,35.6146418,129.4481532,버스택시과,26233,울산광역시 북구
정자사거리,35.61469825,129.4472175,버스택시과,26375,울산광역시 북구
정크아트박물관,35.35753836,129.3073057,버스택시과,23357,울산광역시 울주군
정크아트박물관,35.35754867,129.3074738,버스택시과,23358,울산광역시 울주군
"제3,4부두입구",35.52072645,129.3734688,버스택시과,24011,울산광역시 남구
"제3,4부두입구",35.52094645,129.3734067,버스택시과,24012,울산광역시 남구
제5부두,35.51855934,129.3729719,버스택시과,24019,울산광역시 남구
제5부두,35.51921787,129.3731346,버스택시과,24014,울산광역시 남구
제니유치원,35.57263399,129.3461282,버스택시과,72702,울산광역시 중구
제니유치원,35.57265278,129.345973,버스택시과,72701,울산광역시 중구
제실입구,35.67038683,129.1686676,버스택시과,30442,울산광역시 울주군
제실입구,35.67037987,129.1688025,버스택시과,30441,울산광역시 울주군
제일교회앞,35.48503265,129.4211637,버스택시과,26703,울산광역시 동구
제일교회앞,35.48526122,129.4210851,버스택시과,26704,울산광역시 동구
제일그린,35.50712682,129.4228715,버스택시과,60604,울산광역시 동구
제일그린,35.50701949,129.4228523,버스택시과,60603,울산광역시 동구
제일물산입구,35.42818209,129.3375085,버스택시과,15882,울산광역시 울주군
제일물산입구,35.42836527,129.3373552,버스택시과,15881,울산광역시 울주군
제일중학교앞,35.55356597,129.2844245,버스택시과,21203,울산광역시 중구
제일중학교앞,35.5536945,129.2846769,버스택시과,21204,울산광역시 중구
제일풍경채,35.60470412,129.3696122,버스택시과,40361,울산광역시 북구
제일풍경채,35.60467458,129.369854,버스택시과,40387,울산광역시 북구
제일풍경채정문,35.60377724,129.3680866,버스택시과,40363,울산광역시 북구
제전마을,35.60515139,129.457688,버스택시과,27909,울산광역시 북구
제전마을,35.60501642,129.4580173,버스택시과,27910,울산광역시 북구
제전입구,35.60686044,129.4571169,버스택시과,27907,울산광역시 북구
제전입구,35.6065923,129.4570782,버스택시과,27908,울산광역시 북구
조일,35.49853636,129.112807,버스택시과,24406,울산광역시 울주군
조일,35.49868601,129.113095,버스택시과,24405,울산광역시 울주군
조일입구,35.50031804,129.1145828,버스택시과,24407,울산광역시 울주군
조일입구,35.5004502,129.1146249,버스택시과,24408,울산광역시 울주군
"종갓집도서관,함월고",35.5607148,129.2967232,버스택시과,30961,울산광역시 중구
"종갓집도서관,함월고",35.56065326,129.2970743,버스택시과,30960,울산광역시 중구
종합운동장서문입구,35.56356192,129.3452708,버스택시과,72905,울산광역시 중구
종합운동장서문입구,35.5635075,129.3454967,버스택시과,72906,울산광역시 중구
종합운동장앞,35.56085549,129.3491417,버스택시과,30604,울산광역시 중구
종합운동장앞,35.56061049,129.3502081,버스택시과,30603,울산광역시 중구
좋은삼정병원앞,35.55247602,129.2684714,버스택시과,30929,울산광역시 남구
좋은의사들안과병원,35.53817534,129.330419,버스택시과,40416,울산광역시 남구
주공1단지,35.56974077,129.2482122,버스택시과,20419,울산광역시 울주군
주공1단지,35.57003363,129.2477889,버스택시과,20420,울산광역시 울주군
주공아파트입구,35.49534634,129.4194258,버스택시과,61002,울산광역시 동구
주공아파트입구,35.49547209,129.4194681,버스택시과,61001,울산광역시 동구
주렴,35.60822798,129.4371246,버스택시과,26322,울산광역시 북구
주렴,35.60831278,129.4370202,버스택시과,26321,울산광역시 북구
주렴마을,35.60995393,129.4314246,버스택시과,26348,울산광역시 북구
주렴마을,35.61007346,129.4314632,버스택시과,26349,울산광역시 북구
주상절리,35.68624284,129.4733035,교통행정과,2219,경주시
주상절리,35.68631327,129.4731649,교통행정과,2220,경주시
주암마을입구,35.56665368,129.0227503,버스택시과,30257,울산광역시 울주군
주암마을입구,35.56642556,129.0224022,버스택시과,30258,울산광역시 울주군
주연동,35.59764386,129.3206391,버스택시과,14532,울산광역시 북구
주연동,35.59755002,129.3206046,버스택시과,14531,울산광역시 북구
주원마을,35.66408511,129.199894,버스택시과,15228,울산광역시 울주군
주원마을,35.66400015,129.1997844,버스택시과,15227,울산광역시 울주군
주전게이트볼장,35.55226405,129.4510118,버스택시과,27132,울산광역시 북구
주전고개,35.5485392,129.4358573,버스택시과,78009,울산광역시 북구
주전고개,35.54841313,129.4358535,버스택시과,78007,울산광역시 북구
주전새마을,35.56493514,129.4556336,버스택시과,27704,울산광역시 동구
주전새마을,35.56445801,129.4558417,버스택시과,27703,울산광역시 동구
주전어린이공원앞,35.55185521,129.4512887,버스택시과,27130,울산광역시 북구
주전어린이공원앞,35.55137272,129.4506456,버스택시과,27131,울산광역시 북구
주전초등학교,35.55865467,129.4570572,버스택시과,27708,울산광역시 동구
주전초등학교,35.55857356,129.4569633,버스택시과,27707,울산광역시 동구
주전큰마을,35.55563073,129.4569179,버스택시과,27709,울산광역시 동구
주전큰마을,35.55510351,129.4570538,버스택시과,27710,울산광역시 동구
주전항,35.56097205,129.4557311,버스택시과,27705,울산광역시 동구
주전항,35.56082951,129.4559199,버스택시과,27706,울산광역시 동구
주전해수욕장,35.56695364,129.4543025,버스택시과,27701,울산광역시 동구
주전해수욕장,35.56692353,129.4544655,버스택시과,27702,울산광역시 동구
주진마을,35.39243275,129.1584281,교통과,30557,양산시
주진마을,35.39238822,129.1586395,교통과,30558,양산시
죽전교,35.5139568,129.2723677,버스택시과,15814,울산광역시 울주군
죽전교,35.51375227,129.27227,버스택시과,15813,울산광역시 울주군
죽전마을,35.53138077,129.0101476,버스택시과,30273,울산광역시 울주군
죽전마을,35.53138611,129.0099992,버스택시과,30272,울산광역시 울주군
죽전마을,35.51641331,129.2716206,버스택시과,15812,울산광역시 울주군
죽전마을,35.51654316,129.2714026,버스택시과,15811,울산광역시 울주군
중간갈티마을입구,35.52032795,129.2953566,버스택시과,22413,울산광역시 남구
중간갈티마을입구,35.52044431,129.2956341,버스택시과,22414,울산광역시 남구
중고산,35.43589262,129.2696451,버스택시과,77814,울산광역시 울주군
중고산,35.43504241,129.2698848,버스택시과,77813,울산광역시 울주군
중고산마을입구,35.42988669,129.2733162,버스택시과,31530,울산광역시 울주군
중고산마을입구,35.42979741,129.2732699,버스택시과,31529,울산광역시 울주군
중광마을입구,35.43948569,129.2320335,버스택시과,15905,울산광역시 울주군
중광마을입구,35.4396203,129.2318198,버스택시과,15906,울산광역시 울주군
중구노인복지관,35.56258568,129.3418547,버스택시과,24716,울산광역시 중구
중구둔치주차장,35.55483461,129.2774718,버스택시과,21230,울산광역시 중구
중구둔치주차장,35.55471116,129.2774051,버스택시과,21229,울산광역시 중구
중구청앞,35.56729488,129.3330448,버스택시과,31701,울산광역시 중구
중구청앞,35.56801373,129.3327216,버스택시과,31702,울산광역시 중구
중구청입구,35.57062097,129.3310069,버스택시과,11413,울산광역시 중구
중구청입구,35.57049456,129.331137,버스택시과,11412,울산광역시 중구
중귀지,35.42648892,129.2656656,버스택시과,15920,울산광역시 울주군
중귀지,35.42645106,129.2655196,버스택시과,15919,울산광역시 울주군
중금곡,35.50044589,129.140682,버스택시과,24466,울산광역시 울주군
중금곡,35.50055442,129.1405945,버스택시과,24465,울산광역시 울주군
중남초등학교,35.53693028,129.108418,버스택시과,30122,울산광역시 울주군
중남초등학교,35.53717259,129.1083714,버스택시과,30121,울산광역시 울주군
중대마을,35.4445001,129.1973961,버스택시과,30525,울산광역시 울주군
중대마을,35.44449523,129.1976564,버스택시과,30526,울산광역시 울주군
중리,35.62394373,129.1367206,버스택시과,15108,울산광역시 울주군
중리,35.62381843,129.1364899,버스택시과,15107,울산광역시 울주군
중리마을,35.62209802,129.1383561,버스택시과,15100,울산광역시 울주군
중리마을,35.6219681,129.1382449,버스택시과,15109,울산광역시 울주군
중리입구,35.48576255,129.2890899,버스택시과,24617,울산광역시 울주군
중리입구,35.48592716,129.2891462,버스택시과,24618,울산광역시 울주군
중리회관,35.60069868,129.2332979,버스택시과,20731,울산광역시 울주군
중리회관,35.60065959,129.2334358,버스택시과,20732,울산광역시 울주군
중마을입구,35.51791336,129.2303755,버스택시과,65033,울산광역시 남구
중마을입구,35.51800186,129.2304898,버스택시과,65034,울산광역시 남구
중부경찰서,35.57024574,129.3500157,버스택시과,40501,울산광역시 중구
중부경찰서,35.56985846,129.3503242,버스택시과,40502,울산광역시 중구
중부경찰서앞교차로,35.57097166,129.3492442,버스택시과,11310,울산광역시 중구
중부소방서,35.5631716,129.3006193,버스택시과,11425,울산광역시 중구
중부소방서,35.56297777,129.3005666,버스택시과,11426,울산광역시 중구
중비조,35.64512823,129.2288414,버스택시과,15244,울산광역시 울주군
중비조,35.64498817,129.2282667,버스택시과,15243,울산광역시 울주군
중산중앙로교차로,35.65307573,129.3512126,버스택시과,71405,울산광역시 북구
중산초등학교,35.65056311,129.3518037,버스택시과,71419,울산광역시 북구
중산초등학교,35.65049594,129.3519718,버스택시과,71424,울산광역시 북구
중서,35.41748864,129.2977052,버스택시과,67209,울산광역시 울주군
중서,35.41735326,129.298134,버스택시과,67210,울산광역시 울주군
중선필,35.65127884,129.1329008,버스택시과,30388,울산광역시 울주군
중선필,35.65118024,129.1329297,버스택시과,30387,울산광역시 울주군
중앙고등학교,35.55503888,129.2860935,버스택시과,21213,울산광역시 중구
중앙고입구,35.55741677,129.2838915,버스택시과,30928,울산광역시 중구
중앙고입구,35.55774496,129.2838691,버스택시과,30927,울산광역시 중구
중앙공업,35.58016389,129.3748025,버스택시과,26402,울산광역시 북구
중앙공원,35.54725395,129.3130281,버스택시과,23107,울산광역시 남구
중앙공원,35.54729611,129.3131617,버스택시과,23108,울산광역시 남구
중앙동행정복지센터,35.55721299,129.3239939,버스택시과,77202,울산광역시 중구
중앙동행정복지센터,35.55721339,129.3239285,버스택시과,77201,울산광역시 중구
중앙병원,35.53200901,129.3057257,버스택시과,21911,울산광역시 남구
중앙전통시장,35.55529926,129.3258299,버스택시과,24713,울산광역시 중구
중앙전통시장,35.55473203,129.3248651,버스택시과,24714,울산광역시 중구
중앙전통시장,35.55530654,129.324861,버스택시과,40520,울산광역시 중구
중앙중학교앞,35.52654035,129.3174498,버스택시과,22902,울산광역시 남구
중앙중학교앞,35.52670355,129.317224,버스택시과,22901,울산광역시 남구
중전기복개천,35.50445824,129.428133,버스택시과,60701,울산광역시 동구
중전기복개천,35.50444883,129.428265,교통과,60702,울산광역시 동구
중점,35.70468421,129.1292404,버스택시과,31822,울산광역시 울주군
중차리,35.6364956,129.1223783,버스택시과,15103,울산광역시 울주군
중차리,35.63658559,129.1223954,버스택시과,15104,울산광역시 울주군
중촌,35.57811396,129.2482233,버스택시과,15503,울산광역시 울주군
중촌경로당,35.57587157,129.2487385,버스택시과,15502,울산광역시 울주군
중촌경로당,35.57582459,129.2486067,버스택시과,15501,울산광역시 울주군
중하차리,35.6355437,129.1243227,버스택시과,15111,울산광역시 울주군
중하차리,35.63557191,129.124461,버스택시과,15110,울산광역시 울주군
지경마을,35.65269504,129.4487647,교통행정과,2149,경주시
지경마을,35.65138024,129.4485609,교통행정과,2150,경주시
지곡,35.58808966,129.0608708,버스택시과,15394,울산광역시 울주군
지곡,35.58815962,129.0607319,버스택시과,15390,울산광역시 울주군
지내,35.51852028,129.0958887,버스택시과,30133,울산광역시 울주군
지내,35.51855803,129.0960228,버스택시과,30134,울산광역시 울주군
지당마을,35.60321622,129.3551751,버스택시과,40382,울산광역시 북구
지당마을,35.6030665,129.3554536,버스택시과,40379,울산광역시 북구
지랑,35.49848893,129.1242409,버스택시과,24410,울산광역시 울주군
지랑,35.498268,129.1231861,버스택시과,24409,울산광역시 울주군
지식산업센터,35.50803316,129.3037164,버스택시과,15938,울산광역시 울주군
지식산업센터,35.50820223,129.3036485,버스택시과,15939,울산광역시 울주군
지웰시티자이,35.52672505,129.4285891,버스택시과,60213,울산광역시 동구
지웰시티자이,35.5265519,129.4286858,버스택시과,60212,울산광역시 동구
지지,35.61799133,129.2266286,버스택시과,20730,울산광역시 울주군
지지,35.61797388,129.226443,버스택시과,20729,울산광역시 울주군
지지마을허고개,35.62596682,129.2209376,버스택시과,20748,울산광역시 울주군
지지마을허고개,35.62595642,129.2207918,버스택시과,20747,울산광역시 울주군
지화,35.57991356,129.0918042,버스택시과,15342,울산광역시 울주군
지화,35.57960076,129.0919937,버스택시과,15341,울산광역시 울주군
지후,35.46335212,129.339739,버스택시과,15923,울산광역시 울주군
지후,35.46332784,129.3398826,버스택시과,15924,울산광역시 울주군
직장마을,35.28528871,129.0913071,교통과,4622,양산시
직장마을,35.28537865,129.090986,교통과,4623,양산시
진곡교앞,35.50130137,129.2865663,버스택시과,15823,울산광역시 울주군
진곡교앞,35.50140599,129.2866729,버스택시과,15824,울산광역시 울주군
진곡마을,35.50685029,129.2834815,버스택시과,15931,울산광역시 울주군
진곡마을,35.50655758,129.2823853,버스택시과,15820,울산광역시 울주군
진곡마을,35.5062752,129.2824096,버스택시과,15819,울산광역시 울주군
진곡윗동네,35.50884997,129.2787281,버스택시과,15818,울산광역시 울주군
진곡윗동네,35.50861525,129.2791602,버스택시과,15817,울산광역시 울주군
진곡회관앞,35.50425756,129.2849862,버스택시과,15821,울산광역시 울주군
진곡회관앞,35.50427283,129.2853297,버스택시과,15822,울산광역시 울주군
진덕골,35.62645361,129.3123674,버스택시과,14512,울산광역시 북구
진덕골,35.62662393,129.3124666,버스택시과,14511,울산광역시 북구
진동마을,35.39759113,129.2867872,버스택시과,77817,울산광역시 울주군
진동마을,35.39749702,129.2868863,버스택시과,77818,울산광역시 울주군
진등,35.70627402,129.1473373,버스택시과,31817,울산광역시 울주군
진등,35.70639131,129.1473656,버스택시과,31818,울산광역시 울주군
진리,35.68126119,129.467836,교통행정과,2151,경주시
진리,35.68135325,129.4675339,교통행정과,2152,경주시
진목,35.57252434,129.2126533,버스택시과,40207,울산광역시 울주군
진목,35.46476001,129.0827843,교통과,59258,양산시
진목,35.46473773,129.0825738,교통과,59464,양산시
진목,35.57279039,129.2129964,버스택시과,40208,울산광역시 울주군
진목회관,35.5723694,129.2088667,버스택시과,40236,울산광역시 울주군
진목회관,35.57218852,129.2088558,버스택시과,40205,울산광역시 울주군
진보테크,35.66153604,129.351525,버스택시과,61411,울산광역시 북구
진성8길,35.5098728,129.4295778,버스택시과,70402,울산광역시 동구
진성8길,35.5098349,129.4296738,버스택시과,70401,울산광역시 동구
진영프리텔앞,35.43132504,129.3092346,버스택시과,77718,울산광역시 울주군
진영프리텔앞,35.43175297,129.3094516,버스택시과,77717,울산광역시 울주군
진우,35.57162821,129.3769865,버스택시과,26405,울산광역시 북구
진우훼미리아파트,35.61622972,129.0727281,버스택시과,30277,울산광역시 울주군
진우훼미리아파트,35.61620511,129.0729001,버스택시과,30276,울산광역시 울주군
진장중학교,35.56389247,129.3571482,버스택시과,70901,울산광역시 북구
진장중학교,35.56387534,129.3573318,버스택시과,70902,울산광역시 북구
진하,35.38382807,129.3414369,버스택시과,23308,울산광역시 울주군
진하,35.38391206,129.3411802,버스택시과,23307,울산광역시 울주군
진하공영주차장,35.38204153,129.3412263,버스택시과,23290,울산광역시 울주군
진하공영주차장,35.38218804,129.3412222,버스택시과,23291,울산광역시 울주군
진하해수욕장,35.38457652,129.3438605,버스택시과,23293,울산광역시 울주군
진하해수욕장,35.38467688,129.3439129,버스택시과,23292,울산광역시 울주군
진현,35.61082576,129.1465908,버스택시과,30328,울산광역시 울주군
진현,35.61020783,129.1458965,버스택시과,30327,울산광역시 울주군
진현마을,35.6127188,129.1500746,버스택시과,30360,울산광역시 울주군
진현마을,35.61282156,129.1501071,버스택시과,30361,울산광역시 울주군
진흥목화APT,35.44391029,129.0743713,교통과,59245,양산시
진흥목화아파트,35.44399414,129.0745239,교통과,59247,양산시
차량등록사업소입구,35.57059076,129.3558744,버스택시과,14822,울산광역시 북구
차량등록사업소입구,35.57112903,129.3569517,버스택시과,14821,울산광역시 북구
차량등록사업소입구,35.57032816,129.357703,버스택시과,14826,울산광역시 북구
차일마을,35.61634706,129.3575218,버스택시과,25316,울산광역시 북구
차일마을,35.61649877,129.3573658,버스택시과,25315,울산광역시 북구
찬물내기,35.60118856,129.0795783,버스택시과,15364,울산광역시 울주군
찬물내기,35.60108489,129.0794938,버스택시과,15363,울산광역시 울주군
창기마을,35.33401195,129.1227955,교통과,0,양산시
창기마을,35.33434504,129.1229176,교통과,30584,양산시
창기마을,35.33434508,129.1226601,교통과,0,양산시
창기마을,35.33405409,129.1225536,교통과,30583,양산시
창좌,35.60778137,129.3444882,버스택시과,71903,울산광역시 북구
창좌,35.60794474,129.3444699,버스택시과,71904,울산광역시 북구
창좌입구,35.60406491,129.34773,버스택시과,71901,울산광역시 북구
창좌입구,35.60394976,129.3477232,버스택시과,71902,울산광역시 북구
처용고가교,35.46955814,129.334647,버스택시과,40139,울산광역시 울주군
처용고가교,35.46968936,129.3349276,버스택시과,40133,울산광역시 울주군
처용마을입구,35.46613472,129.3323154,버스택시과,40119,울산광역시 울주군
처용마을입구,35.46590313,129.3328363,버스택시과,40120,울산광역시 울주군
처용삼거리,35.46707826,129.3333768,버스택시과,40131,울산광역시 울주군
처용삼거리,35.4671824,129.333182,버스택시과,40130,울산광역시 울주군
처용암입구,35.46928213,129.3503112,버스택시과,23518,울산광역시 남구
처용암입구,35.46841783,129.3520715,버스택시과,23517,울산광역시 남구
척과초등학교,35.61467705,129.2746267,버스택시과,15255,울산광역시 울주군
척과초등학교,35.61478936,129.2746867,버스택시과,15256,울산광역시 울주군
천곡,35.64579582,129.3258207,버스택시과,14202,울산광역시 북구
천곡,35.64574627,129.3257096,버스택시과,14201,울산광역시 북구
천곡마을입구,35.6391097,129.3303868,버스택시과,14306,울산광역시 북구
천곡마을입구,35.63913474,129.3315126,버스택시과,14307,울산광역시 북구
천곡마을입구,35.63943978,129.3312289,버스택시과,14308,울산광역시 북구
천곡사거리,35.63934623,129.3451199,버스택시과,40319,울산광역시 북구
천곡사거리,35.64067057,129.344355,버스택시과,40320,울산광역시 북구
천곡회관앞,35.64273801,129.3293513,버스택시과,14203,울산광역시 북구
천곡회관앞,35.64279897,129.3294456,버스택시과,14204,울산광역시 북구
천룡사,35.64648383,129.2867625,버스택시과,21303,울산광역시 울주군
천룡사,35.64608129,129.2870822,버스택시과,21304,울산광역시 울주군
천상,35.56320383,129.2293056,버스택시과,20807,울산광역시 울주군
천상,35.56329577,129.2292242,버스택시과,20808,울산광역시 울주군
천상1교사거리,35.56878406,129.2322269,버스택시과,40213,울산광역시 울주군
천상1교사거리,35.56765213,129.2315186,버스택시과,15513,울산광역시 울주군
천상1교사거리,35.5675614,129.2316701,버스택시과,15514,울산광역시 울주군
천상1교사거리,35.56842558,129.2323239,버스택시과,40214,울산광역시 울주군
천상고등학교,35.5654009,129.2225636,버스택시과,15519,울산광역시 울주군
천상고등학교,35.56561337,129.2228563,버스택시과,15520,울산광역시 울주군
천상중학교,35.56214734,129.2219677,버스택시과,15517,울산광역시 울주군
천상중학교,35.56211285,129.2221749,버스택시과,15518,울산광역시 울주군
천상중학교,35.56102161,129.2202789,버스택시과,20801,울산광역시 울주군
천상청구그린타운,35.56379958,129.2218507,버스택시과,15515,울산광역시 울주군
천상청구그린타운,35.56398426,129.2222197,버스택시과,15516,울산광역시 울주군
천상청구제네스아파트,35.5621381,129.2237729,버스택시과,20804,울산광역시 울주군
천상청구제네스아파트,35.56202184,129.2237936,버스택시과,20803,울산광역시 울주군
천전,35.56915183,129.1028109,버스택시과,15347,울산광역시 울주군
천전,35.56925195,129.1029473,버스택시과,15348,울산광역시 울주군
천전입구,35.57084352,129.10768,버스택시과,30233,울산광역시 울주군
천전입구,35.57082821,129.1078856,버스택시과,30234,울산광역시 울주군
천전회관,35.57040989,129.1006179,버스택시과,15346,울산광역시 울주군
천전회관,35.57021429,129.1007406,버스택시과,15345,울산광역시 울주군
천지강변아파트,35.55070046,129.3448232,버스택시과,21615,울산광역시 중구
천지강변아파트,35.55085805,129.3448421,버스택시과,21616,울산광역시 중구
천호탕앞,35.53696225,129.289301,버스택시과,12606,울산광역시 남구
천호탕앞,35.53694782,129.2891531,버스택시과,12605,울산광역시 남구
철구소,35.54575329,129.0126159,버스택시과,30269,울산광역시 울주군
철구소,35.54649831,129.0126091,버스택시과,30260,울산광역시 울주군
청강빌라,35.51814724,129.3342491,버스택시과,64003,울산광역시 남구
청강빌라,35.51812334,129.333947,버스택시과,40865,울산광역시 남구
청구골든,35.57210775,129.1074273,버스택시과,30232,울산광역시 울주군
청구골든,35.57217085,129.1072409,버스택시과,30231,울산광역시 울주군
청구맨션,35.55255122,129.2552615,버스택시과,76208,울산광역시 남구
청구맨션,35.55258285,129.2555681,버스택시과,76207,울산광역시 남구
청량읍행정복지센터,35.49280133,129.3059559,버스택시과,67101,울산광역시 울주군
청량읍행정복지센터,35.49298374,129.3061239,버스택시과,67102,울산광역시 울주군
청량중학교앞,35.48772848,129.3077437,버스택시과,40109,울산광역시 울주군
청량중학교앞,35.48855457,129.3080302,버스택시과,40110,울산광역시 울주군
청량중학교정문,35.48784808,129.3038764,버스택시과,24638,울산광역시 울주군
청량중학교정문,35.48843521,129.3036838,버스택시과,24637,울산광역시 울주군
청량초등학교앞,35.48758906,129.2981886,버스택시과,24624,울산광역시 울주군
청량초등학교앞,35.48744784,129.2983332,버스택시과,24623,울산광역시 울주군
청량파출소,35.49469075,129.3058977,버스택시과,22102,울산광역시 울주군
청량파출소,35.49463515,129.3057609,버스택시과,22101,울산광역시 울주군
청룡초등학교,35.27171761,129.0928272,버스운영과,57176,부산광역시
청룡초등학교,35.27172541,129.0924954,버스운영과,57169,부산광역시
청백교앞,35.48162034,129.3091153,버스택시과,40112,울산광역시 울주군
청백교앞,35.48106162,129.3088748,버스택시과,40111,울산광역시 울주군
청석들,35.69048253,129.0846198,버스택시과,15302,울산광역시 울주군
청석들,35.69045317,129.0845391,버스택시과,15301,울산광역시 울주군
청송마을회관,35.51804031,129.2319786,버스택시과,65031,울산광역시 남구
청송마을회관,35.5181445,129.2319974,버스택시과,65032,울산광역시 남구
청송사입구,35.52043494,129.2271918,버스택시과,65035,울산광역시 남구
청조공원,35.55350962,129.112271,버스택시과,15450,울산광역시 울주군
청조공원,35.5535462,129.112112,버스택시과,15451,울산광역시 울주군
청호빌라,35.51025833,129.0815828,버스택시과,66405,울산광역시 울주군
초산마을,35.48743175,129.0888304,교통과,59266,양산시
초산마을,35.48720756,129.0887994,교통과,59267,양산시
초원산장,35.50125104,129.2755463,버스택시과,15833,울산광역시 울주군
초원산장,35.50131995,129.2755951,버스택시과,15834,울산광역시 울주군
초천마을,35.46626153,129.2162568,버스택시과,65706,울산광역시 울주군
최제우유허지입구,35.56220892,129.2906568,버스택시과,11424,울산광역시 중구
최제우유허지입구,35.56242608,129.2899986,버스택시과,11429,울산광역시 중구
축산농협,35.55673077,129.3066793,버스택시과,63119,울산광역시 중구
축산농협,35.55664429,129.3062551,버스택시과,63106,울산광역시 중구
축산농협,35.55645234,129.3069197,버스택시과,63105,울산광역시 중구
축협앞,35.54115131,129.3082456,버스택시과,63602,울산광역시 남구
축협앞,35.54086206,129.3087073,버스택시과,63601,울산광역시 남구
춘해보건대학교,35.45924906,129.1955556,버스택시과,15703,울산광역시 울주군
춘해보건대학교,35.4591791,129.1956858,버스택시과,15704,울산광역시 울주군
춘해보건대학교,35.45916048,129.1956571,버스택시과,65907,울산광역시 울주군
출강,35.51509973,129.1662419,교통과,24430,울산광역시 울주군
출강,35.515025,129.1661608,교통과,24429,울산광역시 울주군
출강마을회관,35.50767325,129.1684615,버스택시과,24451,울산광역시 울주군
출강마을회관,35.5077536,129.1683853,버스택시과,24452,울산광역시 울주군
출강입구,35.50746401,129.1679507,버스택시과,24454,울산광역시 울주군
출강입구,35.51961699,129.1723612,버스택시과,24468,울산광역시 울주군
출강입구,35.50736662,129.1681051,버스택시과,24453,울산광역시 울주군
출강입구,35.51951108,129.1724878,버스택시과,24467,울산광역시 울주군
칠조회관,35.64813157,129.235478,버스택시과,15245,울산광역시 울주군
칠조회관,35.64820093,129.2358121,버스택시과,15246,울산광역시 울주군
침례병원,35.26576344,129.0923849,버스운영과,57165,부산광역시
침례병원,35.26611914,129.0928009,버스운영과,57175,부산광역시
카프로사택,35.51759963,129.3157995,버스택시과,12408,울산광역시 남구
케이엠씨,35.43473814,129.1767584,버스택시과,15737,울산광역시 울주군
케이엠씨,35.43477087,129.1768905,버스택시과,15738,울산광역시 울주군
코스모화학,35.41785231,129.3382342,버스택시과,15877,울산광역시 울주군
코스모화학,35.41743873,129.3380125,버스택시과,15878,울산광역시 울주군
코아아파트,35.54149761,129.2544404,버스택시과,65501,울산광역시 남구
크로바강변빌라,35.42761189,129.3064217,버스택시과,77723,울산광역시 울주군
크로바강변빌라,35.42783607,129.3063227,버스택시과,77724,울산광역시 울주군
크로바아파트앞,35.54634853,129.3035797,버스택시과,22011,울산광역시 남구
크로바아파트앞,35.54540339,129.301878,버스택시과,22012,울산광역시 남구
큰골약수터,35.55322832,129.4387561,버스택시과,78010,울산광역시 동구
큰나무놀이터,35.58435284,129.0848133,버스택시과,15309,울산광역시 울주군
큰나무놀이터,35.58501664,129.0854774,버스택시과,15349,울산광역시 울주군
큰나무놀이터,35.5850722,129.0852802,버스택시과,15350,울산광역시 울주군
큰나무놀이터,35.58448319,129.0846908,버스택시과,15310,울산광역시 울주군
큰마을,35.63744661,129.2878824,버스택시과,21308,울산광역시 울주군
큰마을,35.63722743,129.2877958,버스택시과,21307,울산광역시 울주군
큰못골,35.68637765,129.0859156,버스택시과,15303,울산광역시 울주군
큰못골,35.6863698,129.0860628,버스택시과,15304,울산광역시 울주군
탐스코리아,35.6637255,129.3528748,버스택시과,61409,울산광역시 북구
태광산업,35.24917046,129.091758,버스운영과,57147,부산광역시
태광산업,35.24914609,129.0920993,버스운영과,57158,부산광역시
태광산업,35.24806601,129.0921051,버스운영과,57157,부산광역시
태광산업정문앞,35.51243649,129.3368608,버스택시과,74702,울산광역시 남구
태광산업정문앞,35.51254886,129.336931,버스택시과,74701,울산광역시 남구
태기마을,35.59146901,129.1460133,버스택시과,30397,울산광역시 울주군
태기마을,35.59157811,129.1460852,버스택시과,30359,울산광역시 울주군
태봉마을,35.52338227,129.0083626,교통과,30266,양산시
태봉마을,35.52332577,129.0084412,교통과,30265,양산시
태종,35.69549322,129.0805072,버스택시과,15282,울산광역시 울주군
태종,35.6953718,129.0805142,버스택시과,15281,울산광역시 울주군
태종교,35.67714319,129.0853101,버스택시과,15283,울산광역시 울주군
태종교,35.6771877,129.0854431,버스택시과,15284,울산광역시 울주군
태종잿골,35.69321268,129.0831415,버스택시과,15378,울산광역시 울주군
태종잿골,35.69319502,129.0830101,버스택시과,15379,울산광역시 울주군
태화강국가정원 동강병원,35.55253514,129.3007721,버스택시과,21210,울산광역시 중구
태화강국가정원 동강병원,35.55244423,129.3011035,버스택시과,21209,울산광역시 중구
태화강국가정원 로터리,35.5510717,129.2997953,버스택시과,21214,울산광역시 중구
태화강역,35.53937,129.35194,버스택시과,0,울산광역시 남구
태화강역(1번 정류소),35.53964151,129.3535299,버스택시과,12313,울산광역시 남구
태화강역(2번 정류소),35.53891628,129.3530622,버스택시과,12314,울산광역시 남구
태화강역(종점),35.53843654,129.3528277,버스택시과,12318,울산광역시 남구
태화강역광장,35.54169668,129.3533893,버스택시과,12310,울산광역시 남구
태화강역광장,35.54143202,129.3536765,버스택시과,12311,울산광역시 울주군
태화강전망대,35.54414856,129.295363,버스택시과,22010,울산광역시 남구
태화강전망대,35.54398802,129.2953754,버스택시과,22009,울산광역시 남구
태화동,35.55224472,129.2954346,버스택시과,21207,울산광역시 중구
태화동,35.55213148,129.2963542,버스택시과,21208,울산광역시 중구
태화로터리,35.54653637,129.3072783,버스택시과,22501,울산광역시 남구
태화로터리,35.54788669,129.3087147,버스택시과,31101,울산광역시 남구
태화로터리,35.54626786,129.3074784,버스택시과,22502,울산광역시 남구
태화로터리/건강한 윌병원,35.5470149,129.3092449,버스택시과,31103,울산광역시 남구
태화로터리/건강한 윌병원,35.54690322,129.3096135,버스택시과,31104,울산광역시 남구
태화로터리/리드파크골프,35.54791402,129.3090595,버스택시과,31102,울산광역시 남구
태화루,35.55393657,129.3071811,버스택시과,21211,울산광역시 중구
태화루,35.55403531,129.3074447,버스택시과,21212,울산광역시 중구
태화루사거리,35.55299612,129.3103981,버스택시과,21604,울산광역시 중구
태화루사거리,35.55301648,129.3098575,버스택시과,21601,울산광역시 중구
태화루사거리,35.55306557,129.3104246,버스택시과,21602,울산광역시 중구
태화루사거리,35.55290508,129.3103746,버스택시과,21603,울산광역시 중구
"태화시장,우정선경2차",35.5563046,129.3086153,버스택시과,63108,울산광역시 중구
"태화시장,우정선경2차",35.55643778,129.3086441,버스택시과,63107,울산광역시 중구
"태화시장,우정시장",35.55436284,129.3089765,버스택시과,22705,울산광역시 중구
"태화시장,우정시장",35.55540441,129.3094697,버스택시과,22706,울산광역시 중구
태화중학교,35.53167054,129.3413049,버스택시과,31719,울산광역시 남구
태화중학교,35.53350384,129.3400164,버스택시과,23604,울산광역시 남구
태화중학교,35.53324667,129.3399717,버스택시과,23603,울산광역시 남구
태화중학교,35.53323995,129.3396359,버스택시과,23600,울산광역시 남구
태화중학교,35.53184803,129.3416408,버스택시과,31720,울산광역시 남구
텃걸마을입구,35.59735088,129.0752992,버스택시과,15362,울산광역시 울주군
텃걸마을입구,35.59730235,129.0750889,버스택시과,15361,울산광역시 울주군
테스트 정류장20230104,35.58881399,129.3455822,버스택시과,99993,울산광역시 중구
테크노파크,35.5612609,129.2775416,버스택시과,21119,울산광역시 중구
테크노파크,35.56139406,129.2776731,버스택시과,21120,울산광역시 중구
테크노파크(기점),35.56370849,129.2805675,버스택시과,12300,울산광역시 중구
테크노파크(종점),35.56389656,129.2806682,버스택시과,12301,울산광역시 중구
테크노파크입구,35.55770868,129.2811047,버스택시과,30936,울산광역시 중구
테크노파크입구,35.55808371,129.281461,버스택시과,30935,울산광역시 중구
토끼가든,35.63656367,129.0575606,버스택시과,30282,울산광역시 울주군
토끼가든,35.63673292,129.057533,버스택시과,30283,울산광역시 울주군
토박이숯불촌,35.49480143,129.0873015,교통과,56302,양산시
토박이숯불촌,35.49479593,129.0874115,교통과,56303,양산시
토종마을앞,35.5159815,129.2492325,버스택시과,15849,울산광역시 울주군
토종마을앞,35.51600774,129.2493958,버스택시과,15848,울산광역시 울주군
통도사,35.49320976,129.0872235,교통과,59264,양산시
통도사,35.49157563,129.0869803,교통과,30141,양산시
통도사,35.4938202,129.0870966,교통과,59263,양산시
통도사삼거리,35.49152496,129.086983,교통과,30142,양산시
통도사자비도량,35.48323189,129.0898769,교통과,59269,양산시
통도사자비도량,35.48312583,129.0899987,교통과,4362,양산시
통천교앞,35.46985107,129.2396828,버스택시과,15730,울산광역시 울주군
통천교앞,35.4697467,129.2396101,버스택시과,15729,울산광역시 울주군
튜릭아트박물관,35.58182314,129.4553836,교통행정과,27920,울산광역시 북구
튜릭아트박물관,35.58182235,129.455223,교통행정과,27919,울산광역시 북구
파도소리,35.39219687,129.3444708,버스택시과,67236,울산광역시 울주군
파도소리,35.39211597,129.3443781,버스택시과,67235,울산광역시 울주군
파라다이스703동,35.49704257,129.4182893,버스택시과,70702,울산광역시 동구
판지마을,35.61224209,129.4559391,버스택시과,27903,울산광역시 북구
판지마을,35.61238461,129.4559355,버스택시과,27904,울산광역시 북구
팔송,35.27226513,129.0924987,버스운영과,57168,부산광역시
팔송,35.27249888,129.0927994,버스운영과,57174,부산광역시
팰리스원,35.50873122,129.0801842,버스택시과,66414,울산광역시 울주군
편들마을,35.42503027,129.1816276,교통과,76908,양산시
편들마을,35.4249914,129.1815923,교통과,30538,양산시
편들마을,35.42534108,129.1815993,교통과,76907,양산시
편들마을,35.42496813,129.1812987,교통과,30537,양산시
편의점앞,35.57466018,129.3199077,버스택시과,72501,울산광역시 중구
편의점앞,35.57456055,129.3200284,버스택시과,72502,울산광역시 중구
평강교회,35.50700896,129.4241767,버스택시과,60607,울산광역시 동구
평강교회,35.50708417,129.424303,버스택시과,60608,울산광역시 동구
평강마을,35.43318393,129.2518623,버스택시과,15928,울산광역시 울주군
평광마을,35.43295631,129.2519881,버스택시과,15927,울산광역시 울주군
평도방파제입구,35.35539745,129.3542824,버스택시과,23346,울산광역시 울주군
평동,35.35794526,129.3531798,버스택시과,23315,울산광역시 울주군
평동,35.35772314,129.3526428,버스택시과,23316,울산광역시 울주군
평동방파제입구,35.35535398,129.3544323,버스택시과,23347,울산광역시 울주군
평동해안길,35.35550691,129.3582562,버스택시과,23349,울산광역시 울주군
평동해안길,35.35545931,129.3583868,버스택시과,23348,울산광역시 울주군
평리마을,35.59807474,129.1319551,버스택시과,30379,울산광역시 울주군
평리마을,35.59805927,129.131787,버스택시과,30378,울산광역시 울주군
평산동행정복지센터,35.38344774,129.1477948,교통과,30651,양산시
평산동행정복지센터,35.38319946,129.1481193,교통과,30652,양산시
평산초등학교,35.56753807,129.3420289,버스택시과,40508,울산광역시 중구
평산초등학교,35.56765829,129.341462,버스택시과,40507,울산광역시 중구
평창3차아파트,35.54439223,129.3369435,버스택시과,31016,울산광역시 남구
평창3차아파트,35.54414944,129.3369283,버스택시과,31015,울산광역시 남구
평창3차아파트,35.54419243,129.3363491,버스택시과,31013,울산광역시 남구
평창리비에르3차,35.55337989,129.3544746,버스택시과,14807,울산광역시 북구
평창리비에르3차,35.55325482,129.3546716,버스택시과,14808,울산광역시 북구
평창리비에르아파트앞,35.55103206,129.3587666,버스택시과,40342,울산광역시 북구
평창리비에르아파트앞,35.5512619,129.3584178,버스택시과,40341,울산광역시 북구
평창아데라움앞,35.54369858,129.3458799,버스택시과,31018,울산광역시 남구
평창아데라움앞,35.54347886,129.3455373,버스택시과,31017,울산광역시 남구
평해사입구,35.64800761,129.3652925,버스택시과,25504,울산광역시 북구
평해사입구,35.64832822,129.3653133,버스택시과,25503,울산광역시 북구
평화시장,35.53885187,129.3027709,버스택시과,12421,울산광역시 남구
평화시장,35.53870617,129.3028059,버스택시과,40881,울산광역시 남구
포석정,35.50311858,129.4260872,버스택시과,60809,울산광역시 동구
포석정,35.50299195,129.426111,버스택시과,60810,울산광역시 동구
포스코플랜텍,35.46182073,129.3426993,버스택시과,15864,울산광역시 울주군
포스코플랜텍,35.46107247,129.3438791,버스택시과,15863,울산광역시 울주군
포스코플랜텍앞,35.4860675,129.3504928,버스택시과,23511,울산광역시 남구
포스코플랜텍앞,35.4860415,129.3507867,버스택시과,23512,울산광역시 남구
푸르지오1차,35.63705674,129.4357695,버스택시과,26350,울산광역시 북구
푸르지오1차,35.63695358,129.4348572,버스택시과,26351,울산광역시 북구
푸르지오2차,35.6247522,129.438882,버스택시과,26357,울산광역시 북구
푸르지오2차,35.62495535,129.4390403,버스택시과,26358,울산광역시 북구
푸르지오2차아파트,35.56511078,129.3458739,버스택시과,62802,울산광역시 중구
푸르지오2차아파트,35.56529231,129.3462607,버스택시과,62801,울산광역시 중구
푸르지오아파트,35.5651044,129.3487939,버스택시과,62804,울산광역시 중구
푸르지오아파트,35.56528604,129.3492871,버스택시과,62803,울산광역시 중구
푸른농장,35.36899838,129.2871096,버스택시과,77302,울산광역시 울주군
푸른농장,35.36914366,129.2869747,버스택시과,77301,울산광역시 울주군
푸른아파트앞,35.5405698,129.2986584,버스택시과,74506,울산광역시 남구
푸른아파트앞,35.54066413,129.2990277,버스택시과,74507,울산광역시 남구
풍암마을,35.58965575,129.2912898,버스택시과,62001,울산광역시 중구
풍암마을,35.5897473,129.2913758,버스택시과,62002,울산광역시 중구
풍암마을입구,35.58943214,129.2952488,버스택시과,62009,울산광역시 중구
풍암마을입구,35.58945004,129.2953734,버스택시과,62008,울산광역시 중구
풍암종점,35.58979357,129.2941595,버스택시과,62004,울산광역시 중구
풍적맨션,35.55202006,129.3276672,버스택시과,21611,울산광역시 중구
풍적맨션,35.5521621,129.3281411,버스택시과,21612,울산광역시 중구
풍진힐그린타운,35.54509733,129.3115726,버스택시과,63502,울산광역시 남구
풍진힐그린타운,35.54511919,129.3122516,버스택시과,63501,울산광역시 남구
하나로마트,35.52665974,129.2440172,버스택시과,65022,울산광역시 남구
하나로마트,35.52678749,129.2440525,버스택시과,65021,울산광역시 남구
하나이비인후과병원,35.53650722,129.3231858,버스택시과,40412,울산광역시 남구
하늘공원,35.46965159,129.136059,버스택시과,24386,울산광역시 울주군
하늘공원,35.46973569,129.1359094,버스택시과,24385,울산광역시 울주군
하늘공원입구,35.49783839,129.1111256,버스택시과,24447,울산광역시 울주군
하늘공원입구,35.49793773,129.1112207,버스택시과,24448,울산광역시 울주군
하늘채빌라,35.48581496,129.4279872,버스택시과,61114,울산광역시 동구
하늘채빌라,35.48589146,129.4280838,버스택시과,61113,울산광역시 동구
하대마을,35.45022717,129.2012508,버스택시과,30523,울산광역시 울주군
하대마을,35.44940972,129.2010394,버스택시과,30524,울산광역시 울주군
하대양달,35.40913504,129.2640928,버스택시과,77832,울산광역시 울주군
하대양달,35.40925207,129.2640333,버스택시과,77805,울산광역시 울주군
하대음달,35.40721251,129.2641607,버스택시과,77806,울산광역시 울주군
하대음달,35.40720143,129.2639908,버스택시과,77831,울산광역시 울주군
하리,35.64320862,129.2127166,버스택시과,20717,울산광역시 울주군
하리,35.64339827,129.2127289,버스택시과,20718,울산광역시 울주군
하북면행정복지센터우체국,35.48925732,129.0878078,교통과,59265,양산시
하북면행정복지센터우체국,35.48927887,129.0876658,교통과,77001,양산시
하북정입구,35.3592384,129.0447832,교통과,59164,양산시
하북정입구,35.35948108,129.0445379,교통과,59159,양산시
하서,35.41467615,129.3049288,버스택시과,67211,울산광역시 울주군
하서,35.41481336,129.3051044,버스택시과,67212,울산광역시 울주군
하서,35.67579774,129.4618904,교통행정과,2100,경주시
하서,35.67595253,129.4619853,교통행정과,2163,경주시
하서2리,35.67943415,129.4631539,교통행정과,2187,경주시
하서2리,35.6801773,129.4642273,교통행정과,2185,경주시
하선필,35.65052868,129.1368678,버스택시과,30386,울산광역시 울주군
하선필,35.65047336,129.1367141,버스택시과,30385,울산광역시 울주군
하월평,35.69856761,129.2091383,버스택시과,15210,울산광역시 울주군
하월평,35.69862383,129.2089494,버스택시과,15209,울산광역시 울주군
하월평입구,35.69361276,129.2140496,버스택시과,15213,울산광역시 울주군
하월평입구,35.69352585,129.2143933,버스택시과,15214,울산광역시 울주군
하작,35.52036769,129.1792305,버스택시과,24431,울산광역시 울주군
하작,35.52051437,129.1793549,버스택시과,24432,울산광역시 울주군
하잠,35.52361952,129.1622859,버스택시과,24428,울산광역시 울주군
하잠,35.52354511,129.1622424,버스택시과,24427,울산광역시 울주군
하차리,35.63228295,129.1269465,버스택시과,15105,울산광역시 울주군
하차리,35.63235973,129.127026,버스택시과,15106,울산광역시 울주군
하회마을,35.39856684,129.3324226,버스택시과,67229,울산광역시 울주군
하회마을,35.39850273,129.3326749,버스택시과,67230,울산광역시 울주군
학남,35.55385036,129.3407161,버스택시과,31709,울산광역시 중구
학남,35.55329817,129.3408417,버스택시과,31710,울산광역시 중구
"학성고등학교,서여자중학교",35.53329236,129.3004659,버스택시과,40611,울산광역시 남구
학성공원,35.55658155,129.3380908,버스택시과,24705,울산광역시 중구
학성공원,35.55645653,129.3378584,버스택시과,24301,울산광역시 중구
학성공원,35.55599389,129.3375541,버스택시과,24302,울산광역시 중구
학성공원,35.55631234,129.3382237,버스택시과,24706,울산광역시 중구
학성배수장,35.55179813,129.3324074,버스택시과,21614,울산광역시 중구
학성배수장앞,35.55154857,129.333128,버스택시과,21613,울산광역시 중구
"학성새벽시장, 세민병원",35.55682544,129.3316537,버스택시과,21407,울산광역시 중구
학성여중앞,35.55341041,129.2911625,버스택시과,21206,울산광역시 중구
학성여중앞,35.55320237,129.2903918,버스택시과,21205,울산광역시 중구
학성초등학교,35.55963307,129.3444963,버스택시과,30601,울산광역시 중구
학성초등학교,35.55923405,129.3431562,버스택시과,30602,울산광역시 중구
학성초등학교후문,35.56030912,129.3405449,버스택시과,24703,울산광역시 중구
학성초등학교후문,35.56041526,129.3407896,버스택시과,24704,울산광역시 중구
한국건강관리협회,35.55745111,129.3263107,버스택시과,40517,울산광역시 중구
한국건강관리협회,35.55698686,129.3264378,버스택시과,40518,울산광역시 중구
한국노총,35.53979014,129.3195424,버스택시과,31003,울산광역시 남구
한국노총,35.54010746,129.3198511,버스택시과,31004,울산광역시 남구
한국산업단지공단,35.54138576,129.3443414,버스택시과,24504,울산광역시 남구
한국생산기술연구원,35.51224342,129.303152,버스택시과,15937,울산광역시 울주군
한국생산기술연구원,35.51231399,129.3029605,버스택시과,15936,울산광역시 울주군
한국석유공사,35.5639475,129.3090948,버스택시과,11419,울산광역시 중구
한국석유공사,35.56372995,129.3088101,버스택시과,11418,울산광역시 중구
한국에너지기술연구원,35.51093187,129.3002694,버스택시과,15935,울산광역시 울주군
한국에너지기술연구원,35.51115505,129.3003949,버스택시과,15934,울산광역시 울주군
한국전기안전공사,35.56680248,129.3246236,버스택시과,11433,울산광역시 중구
한국전기안전공사,35.56665214,129.3247103,버스택시과,11432,울산광역시 중구
한국제지,35.41054227,129.3467737,버스택시과,15876,울산광역시 울주군
한국제지,35.41076678,129.3468663,버스택시과,15875,울산광역시 울주군
한국제지사택,35.42998988,129.311312,버스택시과,77725,울산광역시 울주군
한국제지사택,35.43005261,129.3114783,버스택시과,77710,울산광역시 울주군
한국제지삼거리,35.41051219,129.34279,버스택시과,15889,울산광역시 울주군
한국폴리텍대학앞,35.57976941,129.3488668,버스택시과,11302,울산광역시 중구
한국폴리텍대학앞,35.57939889,129.3489688,버스택시과,11301,울산광역시 중구
한국프렌지앞,35.53926013,129.4283752,버스택시과,27503,울산광역시 동구
한국프렌지앞,35.53896762,129.4280232,버스택시과,27504,울산광역시 동구
한들,35.69110766,129.2177419,버스택시과,15396,울산광역시 울주군
한들,35.69116631,129.2173707,버스택시과,15397,울산광역시 울주군
한라2차아파트,35.55328865,129.2575757,버스택시과,65103,울산광역시 남구
한라2차아파트,35.55303528,129.2576819,버스택시과,65104,울산광역시 남구
"한라3,4차아파트",35.55356958,129.2564999,버스택시과,65101,울산광역시 남구
"한라3,4차아파트",35.55342205,129.2565764,버스택시과,65102,울산광역시 남구
한라그랜드아파트,35.55752207,129.348008,버스택시과,72902,울산광역시 중구
한라그랜드아파트,35.55745245,129.3478816,버스택시과,72901,울산광역시 중구
한라비발디,35.59804123,129.3665005,버스택시과,40372,울산광역시 북구
한라비발디정문,35.59740696,129.3690066,버스택시과,40395,울산광역시 북구
한라비발디정문,35.59756501,129.3688736,버스택시과,40394,울산광역시 북구
한라신천지타운,35.63465647,129.3486913,버스택시과,25304,울산광역시 북구
한라신천지타운앞,35.63472189,129.3483395,버스택시과,25303,울산광역시 북구
한라아파트,35.56251583,129.2260804,버스택시과,20805,울산광역시 울주군
한라아파트,35.56260055,129.2259582,버스택시과,20806,울산광역시 울주군
한라타워앞,35.5079267,129.4199121,버스택시과,27116,울산광역시 동구
한라타워앞,35.50807588,129.419821,버스택시과,27115,울산광역시 동구
한라하얏트,35.58159635,129.3440298,버스택시과,72602,울산광역시 중구
한라한빛아파트,35.51262317,129.426456,버스택시과,60402,울산광역시 동구
한라한빛아파트,35.51271936,129.426569,버스택시과,60401,울산광역시 동구
한라훼미리아파트앞,35.52193867,129.3127103,버스택시과,31306,울산광역시 남구
한마음마트,35.48914276,129.4204722,버스택시과,70801,울산광역시 동구
한마음마트,35.48934482,129.4202675,버스택시과,70802,울산광역시 동구
한마음아파트,35.51367017,129.4251529,버스택시과,13401,울산광역시 동구
한마음아파트,35.51363952,129.4253006,버스택시과,13402,울산광역시 동구
한마음회관,35.51809688,129.427282,버스택시과,70204,울산광역시 동구
한마음회관,35.51826908,129.4272321,버스택시과,70203,울산광역시 동구
한성미트뱅크,35.56811494,129.3568633,버스택시과,70903,울산광역시 북구
한성미트뱅크,35.56802319,129.3570738,버스택시과,70904,울산광역시 북구
한솔그린빌,35.49011472,129.2123979,버스택시과,24441,울산광역시 울주군
한솔그린빌,35.49044004,129.2123907,버스택시과,24442,울산광역시 울주군
한신더휴에듀포레앞,35.55908752,129.3798577,버스택시과,30666,울산광역시 북구
한신아파트앞,35.57257368,129.241127,버스택시과,20410,울산광역시 울주군
한실청실맨션,35.51903286,129.3142789,버스택시과,12404,울산광역시 남구
한실청실맨션,35.51908678,129.3136663,버스택시과,75305,울산광역시 남구
한양수자인,35.60239221,129.3632187,버스택시과,40368,울산광역시 북구
한양수자인,35.60254804,129.363094,버스택시과,40367,울산광역시 북구
한일금속,35.43931369,129.1758876,버스택시과,15721,울산광역시 울주군
한일금속,35.43906232,129.1759492,버스택시과,15722,울산광역시 울주군
한전,35.54073951,129.3232919,버스택시과,31005,울산광역시 남구
한전앞,35.54099229,129.3232409,버스택시과,31006,울산광역시 남구
한진중공업앞,35.49247846,129.3712549,버스택시과,23535,울산광역시 남구
한진중공업앞,35.49228309,129.3713377,버스택시과,23536,울산광역시 남구
한창제지 앞,35.43068259,129.187636,교통과,30534,양산시
한창제지 앞,35.43046849,129.1867724,교통과,30533,양산시
한텍,35.41785239,129.3512325,버스택시과,15891,울산광역시 울주군
한텍,35.41752018,129.3515029,버스택시과,15892,울산광역시 울주군
한화꿈에그린,35.53595492,129.3482823,버스택시과,74403,울산광역시 남구
한화꿈에그린,35.53572105,129.3474031,버스택시과,74402,울산광역시 남구
한화꿈에그린,35.53566148,129.3470852,버스택시과,74401,울산광역시 남구
"함월고,종갓집도서관",35.55968517,129.297442,버스택시과,30925,울산광역시 중구
"함월고,종갓집도서관",35.55944686,129.2976415,버스택시과,30926,울산광역시 중구
함월구민운동장,35.57782005,129.3059518,버스택시과,11807,울산광역시 중구
함월구민운동장,35.57820206,129.3066243,버스택시과,11808,울산광역시 중구
합동공업사,35.56100659,129.3680976,버스택시과,30612,울산광역시 북구
해돋이경로당,35.35373747,129.3473098,버스택시과,23341,울산광역시 울주군
해돋이경로당,35.35367674,129.3474351,버스택시과,23340,울산광역시 울주군
해븐빌리지6차,35.42642532,129.3087086,버스택시과,77722,울산광역시 울주군
해븐빌리지6차,35.42631667,129.3085882,버스택시과,77721,울산광역시 울주군
해양경비안전서,35.5209065,129.3151659,버스택시과,23805,울산광역시 남구
해양수산청/울산항만공사,35.50488484,129.3845206,교통과,24813,울산광역시 남구
해양수산청/울산항만공사,35.50566686,129.3847636,버스택시과,24814,울산광역시 남구
해연공원앞,35.55027169,129.2625274,버스택시과,65201,울산광역시 남구
해연공원앞,35.55016041,129.2624345,버스택시과,40852,울산광역시 남구
해연사,35.35656639,129.3445077,버스택시과,23329,울산광역시 울주군
해운대청소년수련원,35.46203396,129.0808184,교통과,4355,양산시
해운대청소년수련원,35.46187296,129.0809328,교통과,4354,양산시
해피랜드아파트앞,35.48516997,129.4221371,버스택시과,25012,울산광역시 동구
해피랜드아파트앞,35.48530999,129.4228531,버스택시과,25011,울산광역시 동구
행림병원,35.25424685,129.0912736,버스운영과,57144,부산광역시
행림병원,35.25373436,129.0916009,버스운영과,57145,부산광역시
행정,35.61638207,129.0463277,버스택시과,30203,울산광역시 울주군
행정,35.61646514,129.046339,버스택시과,30204,울산광역시 울주군
향교마을,35.55690588,129.1149897,버스택시과,15440,울산광역시 울주군
향교마을,35.55572761,129.1152053,버스택시과,15441,울산광역시 울주군
향교삼거리,35.55922498,129.314946,버스택시과,73604,울산광역시 중구
향교삼거리,35.5591474,129.3148664,버스택시과,73603,울산광역시 중구
향교앞,35.56006288,129.315795,버스택시과,22701,울산광역시 중구
향교앞,35.55988435,129.3158251,버스택시과,22702,울산광역시 중구
향림교,35.48900973,129.1161863,버스택시과,24391,울산광역시 울주군
향림교,35.48916656,129.1163639,버스택시과,24392,울산광역시 울주군
향산,35.58581823,129.0964444,버스택시과,30224,울산광역시 울주군
향산,35.58571395,129.0962647,버스택시과,30223,울산광역시 울주군
허지기,35.6669294,129.215403,버스택시과,15443,울산광역시 울주군
허지기,35.66681317,129.215277,버스택시과,15442,울산광역시 울주군
현대2차아파트,35.57072405,129.2359682,버스택시과,20401,울산광역시 울주군
현대2차아파트,35.57115246,129.2358729,버스택시과,20403,울산광역시 울주군
현대3차아파트,35.56985377,129.2412154,버스택시과,20407,울산광역시 울주군
현대3차아파트앞,35.57029214,129.2407947,버스택시과,20408,울산광역시 울주군
현대골든아파트앞,35.57262531,129.3501983,버스택시과,11308,울산광역시 중구
현대골든아파트앞,35.57195771,129.3496292,버스택시과,11307,울산광역시 중구
현대골프,35.48550761,129.4191251,버스택시과,70528,울산광역시 동구
현대골프,35.48547847,129.4192525,버스택시과,70527,울산광역시 동구
현대글로비스,35.57548602,129.3756465,버스택시과,26403,울산광역시 북구
현대모비스울산공장,35.51248165,129.3666847,버스택시과,31409,울산광역시 남구
현대모비스울산공장,35.51273939,129.3667486,버스택시과,31410,울산광역시 남구
현대문화1차아파트,35.53409277,129.3437421,버스택시과,63905,울산광역시 남구
현대문화1차아파트,35.53406035,129.3439038,버스택시과,63908,울산광역시 남구
현대문화아파트1차,35.53339069,129.3424089,버스택시과,23605,울산광역시 남구
현대문화아파트1차,35.53371896,129.3430579,버스택시과,63906,울산광역시 남구
현대미포동문,35.49422223,129.4085963,버스택시과,24246,울산광역시 동구
현대미포정문,35.50731807,129.4020556,버스택시과,24248,울산광역시 동구
현대미포정문,35.50749703,129.4025172,버스택시과,24247,울산광역시 동구
현대백화점,35.54058394,129.3353271,버스택시과,23705,울산광역시 남구
현대백화점,35.52177284,129.430664,버스택시과,70101,울산광역시 동구
현대백화점,35.52173191,129.4308024,버스택시과,70102,울산광역시 동구
현대백화점,35.52123985,129.4311653,버스택시과,60100,울산광역시 동구
현대백화점사거리,35.53850856,129.3339577,버스택시과,40417,울산광역시 남구
현대백화점사거리,35.53891823,129.3343646,버스택시과,40418,울산광역시 남구
현대백화점정문,35.54049386,129.3355676,버스택시과,23704,울산광역시 남구
현대비치타운,35.48141082,129.4158409,버스택시과,25003,울산광역시 동구
현대예술관,35.52254956,129.4316978,버스택시과,60102,울산광역시 동구
현대예술관,35.52231228,129.4317912,버스택시과,60101,울산광역시 동구
현대자동차 정문,35.54215549,129.3851753,버스택시과,30623,울산광역시 북구
현대자동차 정문,35.54446706,129.3847909,버스택시과,30624,울산광역시 북구
현대자동차2공장,35.55275555,129.3814236,버스택시과,30619,울산광역시 북구
현대자동차2공장,35.55431723,129.3809364,버스택시과,30620,울산광역시 북구
현대자동차4공장앞,35.54024134,129.3863216,버스택시과,30626,울산광역시 북구
현대자동차4공장앞,35.53846442,129.3870296,버스택시과,30625,울산광역시 북구
현대자동차명촌정문앞,35.55588598,129.3602307,버스택시과,40339,울산광역시 북구
현대자동차명촌정문앞,35.55616816,129.3607172,버스택시과,40340,울산광역시 북구
현대자동차앞,35.55634908,129.3258409,버스택시과,73302,울산광역시 중구
현대자동차출고장앞,35.49716441,129.0955282,교통과,24402,양산시
현대자동차출고장앞,35.49738431,129.0967721,교통과,24401,양산시
"현대중,고등학교앞",35.5250554,129.4243008,버스택시과,27105,울산광역시 동구
"현대중,고등학교앞",35.52517881,129.4244834,버스택시과,27106,울산광역시 동구
현대중공업 어린이집,35.52276131,129.4300808,버스택시과,60108,울산광역시 동구
현대중공업 어린이집,35.52261632,129.4296837,버스택시과,60107,울산광역시 동구
현대중공업 울산대학병원,35.52107585,129.4321038,버스택시과,24220,울산광역시 동구
현대중공업 울산대학병원,35.52259503,129.4326158,버스택시과,24219,울산광역시 동구
현대중공업 울산대학병원,35.52114442,129.4318309,버스택시과,24256,울산광역시 동구
현대중공업미포문앞,35.53315765,129.4321277,버스택시과,24213,울산광역시 동구
현대중공업미포문앞,35.53294973,129.432637,버스택시과,24214,울산광역시 동구
현대중공업용연공장,35.46967528,129.3667225,버스택시과,23547,울산광역시 남구
현대중공업일산문,35.50518078,129.4297793,버스택시과,24230,울산광역시 동구
현대중공업일산문,35.5029945,129.4291149,버스택시과,24229,울산광역시 동구
현대청운고앞,35.53561906,129.4300818,버스택시과,24211,울산광역시 동구
현대청운고앞,35.53585991,129.4302157,버스택시과,24212,울산광역시 동구
현대출고 사무소앞,35.55967449,129.37559,버스택시과,30616,울산광역시 북구
현대출고 사무소앞,35.55933836,129.3758526,버스택시과,30615,울산광역시 북구
현대출고교차로,35.56055327,129.3766801,버스택시과,30661,울산광역시 북구
현대파워텍,35.65361928,129.3549109,버스택시과,61405,울산광역시 북구
현대파크맨션,35.64574958,129.3544846,버스택시과,71415,울산광역시 북구
현대파크맨션,35.64586265,129.3545499,버스택시과,71416,울산광역시 북구
현대패밀리명덕1차,35.52297623,129.4278822,버스택시과,60104,울산광역시 동구
현대패밀리명덕1차,35.52281564,129.4268694,버스택시과,60111,울산광역시 동구
현대패밀리명덕1차,35.52297444,129.4269494,버스택시과,60110,울산광역시 동구
현대패밀리명덕2차,35.52311294,129.4261156,버스택시과,60105,울산광역시 동구
현대패밀리명덕2차,35.52357612,129.4256215,버스택시과,60106,울산광역시 동구
현도골든빌리지,35.48565872,129.415278,버스택시과,70523,울산광역시 동구
현도골든빌리지,35.48595334,129.4151825,버스택시과,70524,울산광역시 동구
협성현대럭키아파트,35.54079036,129.2530712,버스택시과,76509,울산광역시 남구
협진 ENG,35.44950992,129.317728,버스택시과,77732,울산광역시 울주군
협진 ENG,35.44961441,129.3175658,버스택시과,77731,울산광역시 울주군
혜원어린이집,35.56641273,129.1100627,버스택시과,20106,울산광역시 울주군
혜원어린이집,35.56653372,129.1102435,버스택시과,20105,울산광역시 울주군
혜인병원,35.38516469,129.1553164,교통과,30561,양산시
혜인병원,35.38489725,129.1555102,교통과,30562,양산시
혜인학교,35.57424769,129.3382465,버스택시과,30907,울산광역시 중구
혜인학교,35.5746512,129.3393414,버스택시과,30908,울산광역시 중구
호계주공1단지,35.63216551,129.3580428,버스택시과,25348,울산광역시 북구
호계주공1단지,35.63230825,129.3576552,버스택시과,25347,울산광역시 북구
호계주공아파트,35.63076823,129.3567453,버스택시과,25324,울산광역시 북구
호계주공아파트,35.63054907,129.3566423,버스택시과,25323,울산광역시 북구
호계중학교,35.6319335,129.3595507,버스택시과,25341,울산광역시 북구
호계중학교,35.6320695,129.3594701,버스택시과,25342,울산광역시 북구
호계중학교정문,35.63449336,129.3603374,버스택시과,14113,울산광역시 북구
호계중학교정문,35.63445463,129.3599726,버스택시과,14116,울산광역시 북구
호계초등학교입구.유황사우나,35.62836788,129.3578203,버스택시과,25325,울산광역시 북구
호계한양수자인,35.62276116,129.3601062,버스택시과,25334,울산광역시 북구
호계한양수자인,35.62283855,129.3598579,버스택시과,25336,울산광역시 북구
호반베르디움,35.60377913,129.3608908,버스택시과,40369,울산광역시 북구
호반베르디움,35.6039436,129.3608383,버스택시과,40384,울산광역시 북구
호수공원축구장,35.51680207,129.32094,버스택시과,64023,울산광역시 남구
호수공원축구장,35.5166791,129.3209496,버스택시과,64024,울산광역시 남구
홈골,35.63015033,129.3626363,버스택시과,25338,울산광역시 북구
홈골,35.62992685,129.3628325,버스택시과,25337,울산광역시 북구
홈플러스,35.52642396,129.323583,버스택시과,12501,울산광역시 남구
홈플러스,35.52498352,129.323992,버스택시과,75002,울산광역시 남구
홈플러스,35.56488468,129.3375121,버스택시과,40511,울산광역시 중구
홈플러스,35.52545504,129.3237213,버스택시과,75003,울산광역시 남구
홈플러스 중구점(종점),35.5637782,129.3349917,버스택시과,73300,울산광역시 중구
홈플러스북구점,35.62911332,129.3452664,버스택시과,20207,울산광역시 북구
홈플러스북구점,35.62929389,129.3446262,버스택시과,20208,울산광역시 북구
홈플러스중구점,35.56324391,129.3347612,버스택시과,40512,울산광역시 중구
홈플러스중구점,35.56350415,129.3367448,버스택시과,31704,울산광역시 중구
홈플러스중구점,35.56374379,129.334864,버스택시과,73309,울산광역시 중구
홈플러스중구점,35.56365743,129.3363211,버스택시과,31703,울산광역시 중구
홍골,35.65089432,129.2057683,버스택시과,20713,울산광역시 울주군
홍골,35.65100384,129.2057926,버스택시과,20714,울산광역시 울주군
홍골입구,35.50303416,129.2716572,버스택시과,15835,울산광역시 울주군
홍골입구,35.50303485,129.2717399,버스택시과,15836,울산광역시 울주군
홍상골,35.61758236,129.2712928,버스택시과,15253,울산광역시 울주군
홍상골,35.61822078,129.2709025,버스택시과,15254,울산광역시 울주군
화물공제조합,35.54589115,129.3439987,버스택시과,63307,울산광역시 남구
화물공제조합,35.54601209,129.3440603,버스택시과,63309,울산광역시 남구
화봉고등학교,35.59383284,129.3699092,버스택시과,71301,울산광역시 북구
화봉고등학교,35.595068,129.3705145,버스택시과,71303,울산광역시 북구
화봉고등학교,35.59372743,129.3700851,버스택시과,71302,울산광역시 북구
화봉시장,35.58836893,129.3654476,버스택시과,26104,울산광역시 북구
화봉시장,35.58819516,129.3655203,버스택시과,26103,울산광역시 북구
화봉쌍용예가,35.5937771,129.3675651,버스택시과,61302,울산광역시 북구
화봉중학교앞,35.58818359,129.3599711,버스택시과,26101,울산광역시 북구
화봉중학교앞,35.58838484,129.3598946,버스택시과,26102,울산광역시 북구
화봉초등학교,35.59588085,129.3666554,버스택시과,40370,울산광역시 북구
화봉초등학교,35.59593809,129.3664365,버스택시과,40371,울산광역시 북구
화봉휴먼시아2단지,35.59401247,129.367681,버스택시과,61301,울산광역시 북구
화봉휴먼시아3단지,35.59393844,129.3657166,버스택시과,71202,울산광역시 북구
화봉휴먼시아3단지,35.59403596,129.3655203,버스택시과,71201,울산광역시 북구
화산119센터,35.44153721,129.3344637,버스택시과,40132,울산광역시 울주군
화산119센터,35.44180614,129.3344421,버스택시과,40129,울산광역시 울주군
화산마을,35.35845732,129.293236,버스택시과,77409,울산광역시 울주군
화산마을,35.35858153,129.2933385,버스택시과,77400,울산광역시 울주군
화산보건진료소(기점),35.34463471,129.29323,버스택시과,15978,울산광역시 울주군
화산보건진료소(종점),35.34466896,129.2933101,버스택시과,15977,울산광역시 울주군
화산삼거리,35.35829179,129.293596,버스택시과,77407,울산광역시 울주군
화산삼거리,35.35833017,129.293733,버스택시과,77408,울산광역시 울주군
화산장터,35.34918004,129.2953569,버스택시과,77401,울산광역시 울주군
화산장터,35.34920154,129.2954946,버스택시과,77402,울산광역시 울주군
화암,35.47823874,129.412256,버스택시과,25002,울산광역시 동구
화암,35.47789887,129.4120744,버스택시과,25001,울산광역시 동구
화암,35.63568566,129.4415985,버스택시과,26307,울산광역시 북구
화암,35.63561586,129.4418844,버스택시과,26308,울산광역시 북구
화암입구,35.63198924,129.440218,버스택시과,26309,울산광역시 북구
화암입구,35.63133594,129.4405748,버스택시과,26310,울산광역시 북구
화암중학교,35.4859945,129.4143562,버스택시과,26506,울산광역시 동구
화암중학교,35.48607428,129.4141514,버스택시과,26505,울산광역시 동구
화암촛등공원,35.47630624,129.4110079,버스택시과,70512,울산광역시 동구
화암촛등공원,35.47635686,129.4110329,버스택시과,70511,울산광역시 동구
화전교회,35.65360687,129.2263288,버스택시과,15235,울산광역시 울주군
화전교회,35.65368278,129.2267882,버스택시과,15236,울산광역시 울주군
화정마을,35.65723971,129.3408329,버스택시과,40313,울산광역시 북구
화정마을,35.65708977,129.3412396,버스택시과,40314,울산광역시 북구
화정마을,35.38952933,129.3342679,버스택시과,23303,울산광역시 울주군
화정마을,35.38911136,129.3345112,버스택시과,23304,울산광역시 울주군
화정마을입구,35.48752977,129.2929158,버스택시과,24619,울산광역시 울주군
화정마을입구,35.48763134,129.2928737,버스택시과,24620,울산광역시 울주군
화정마을회관앞,35.48933303,129.2810846,버스택시과,24614,울산광역시 울주군
화정마을회관앞,35.48869722,129.2816348,버스택시과,24613,울산광역시 울주군
화정주공아파트앞,35.49442885,129.4181833,버스택시과,27123,울산광역시 동구
화정주공아파트앞,35.49425239,129.4183337,버스택시과,27124,울산광역시 동구
화진맨션,35.48900444,129.4239894,버스택시과,24237,울산광역시 동구
화진맨션,35.48962981,129.4250188,버스택시과,24238,울산광역시 동구
화진중학교,35.49591691,129.4230614,버스택시과,26906,울산광역시 동구
화진중학교,35.49570443,129.4228673,버스택시과,26905,울산광역시 동구
화진중학교,35.4952486,129.4211654,버스택시과,61003,울산광역시 동구
화진중학교,35.49837827,129.4227633,버스택시과,13203,울산광역시 동구
화진중학교,35.49505347,129.4213366,버스택시과,61004,울산광역시 동구
화진중학교,35.49516793,129.4230258,버스택시과,61017,울산광역시 동구
화진중학교,35.49852088,129.4232367,버스택시과,13204,울산광역시 동구
화학재난합동방재센터,35.47457421,129.3301028,버스택시과,40134,울산광역시 울주군
화합로입구,35.55351793,129.341507,버스택시과,11108,울산광역시 중구
활어직판장,35.61817323,129.4505367,버스택시과,26380,울산광역시 북구
활천마을,35.70622185,129.1881779,버스택시과,31810,울산광역시 울주군
활천마을,35.70612526,129.1881578,버스택시과,31809,울산광역시 울주군
활천입구,35.70968338,129.1956808,버스택시과,30302,울산광역시 울주군
활천입구,35.7097143,129.1955295,버스택시과,30301,울산광역시 울주군
황방산생태야영장,35.58765737,129.3275327,버스택시과,14534,울산광역시 중구
황방산생태야영장,35.58767133,129.3273312,버스택시과,14533,울산광역시 중구
황방산입구,35.58498542,129.328001,버스택시과,11703,울산광역시 중구
황암마을,35.46939887,129.363516,버스택시과,23521,울산광역시 남구
황토방아파트,35.63896506,129.3256583,버스택시과,14312,울산광역시 북구
황토방아파트,35.63872296,129.3253395,버스택시과,14311,울산광역시 북구
황토전,35.58098927,129.4304371,버스택시과,61314,울산광역시 북구
황토전,35.58084337,129.4303532,버스택시과,61313,울산광역시 북구
황토전경로당,35.57951939,129.4317528,버스택시과,61303,울산광역시 북구
황토전경로당,35.57980165,129.431752,버스택시과,61304,울산광역시 북구
회학마을입구,35.45574223,129.3338882,버스택시과,40123,울산광역시 울주군
회학마을입구,35.45626425,129.3341035,버스택시과,40124,울산광역시 울주군
효문교차로,35.5719866,129.3742718,버스택시과,30662,울산광역시 북구
효문교차로,35.57132975,129.3740539,버스택시과,30663,울산광역시 북구
효문동행정복지센터,35.57793573,129.3605775,버스택시과,40334,울산광역시 북구
효문동행정복지센터,35.57763815,129.3602169,버스택시과,40333,울산광역시 북구
효문사거리,35.56130862,129.3635697,버스택시과,30609,울산광역시 북구
효문사거리,35.56122501,129.3590642,버스택시과,30610,울산광역시 북구
효문사거리,35.56009238,129.3613719,버스택시과,40337,울산광역시 북구
효문사거리,35.56308219,129.361563,버스택시과,40338,울산광역시 북구
효문입구,35.56195149,129.3713991,버스택시과,25916,울산광역시 북구
효문입구,35.56189223,129.3713047,버스택시과,25915,울산광역시 북구
효문초등학교,35.56518514,129.3706415,버스택시과,25913,울산광역시 북구
효문초등학교,35.56533146,129.3707962,버스택시과,25914,울산광역시 북구
효성,35.51485646,129.3593668,버스택시과,31407,울산광역시 남구
효성,35.51578174,129.3577539,버스택시과,31408,울산광역시 남구
효성아파트,35.5298243,129.2977418,버스택시과,64801,울산광역시 남구
효성아파트,35.5299102,129.2978486,버스택시과,64802,울산광역시 남구
효성앞,35.5527307,129.1760135,버스택시과,30423,울산광역시 울주군
효성앞,35.5525024,129.1749652,버스택시과,30424,울산광역시 울주군
효원산업,35.64674179,129.4279576,버스택시과,14005,울산광역시 북구
효원산업,35.64696232,129.4279147,버스택시과,14006,울산광역시 북구
효정고등학교입구,35.56041833,129.3726582,버스택시과,30614,울산광역시 북구
효정고등학교입구,35.56003431,129.3734066,버스택시과,30613,울산광역시 북구
효청보건고등학교,35.66998373,129.3364981,교통행정과,40308,경주시
효청보건고등학교,35.6703402,129.335878,교통행정과,40307,경주시
후리,35.5798119,129.0853508,버스택시과,15312,울산광역시 울주군
후리,35.57985237,129.0851465,버스택시과,15311,울산광역시 울주군
후성,35.50930153,129.3778271,버스택시과,31417,울산광역시 남구
후성,35.50954263,129.3781518,버스택시과,31418,울산광역시 남구
후평마을,35.54345659,129.1238644,버스택시과,30111,울산광역시 울주군
후평마을,35.54324057,129.1238504,버스택시과,30112,울산광역시 울주군
휴먼시아.엘크루정문,35.4889999,129.4296441,버스택시과,61023,울산광역시 동구
휴먼시아.엘크루정문,35.48906108,129.4294587,버스택시과,61024,울산광역시 동구
휴먼시아아파트,35.49125914,129.4294722,버스택시과,61014,울산광역시 동구
휴먼시아아파트,35.4911003,129.4293758,버스택시과,61013,울산광역시 동구
희락원,35.29357986,129.0874102,교통과,4618,양산시
희락원,35.29389016,129.0874195,교통과,4619,양산시
희마아파트입구,35.553545,129.2933593,버스택시과,21217,울산광역시 중구
힐스테이트 이스턴베이,35.4932098,129.4222922,버스택시과,13301,울산광역시 동구
힐스테이트 이스턴베이,35.49309682,129.4224292,버스택시과,13302,울산광역시 동구
